Date,2024-01,2024-02,2024-03,2024-04,2024-05,2024-06,2024-07,2024-08,2024-09,2024-10,2024-11,2024-12,2025-01,2025-02,2025-03,2025-04,2025-05,2025-06,2025-07,2025-08,2025-09,2025-10,2025-11,2025-12,2026-01,2026-02,2026-03,2026-04,2026-05,2026-06
2024-01-01,,,,,,,,,,,,,,,,,,,,,,,,,,,,,,
2024-01-02,,610.5,603.75,598.5,593.75,589.5,585.75,582.5,579.75,577.5,574.25,570.5,,,,,,,,,,,,,,,,,,
2024-01-03,,623.0,617.0,611.75,607.25,603.5,600.0,596.75,594.0,591.75,588.75,585.25,,,,,,,,,,,,,,,,,,
2024-01-04,,606.0,601.0,596.25,592.0,588.25,585.25,582.5,580.0,577.75,575.0,571.75,,,,,,,,,,,,,,,,,,
2024-01-05,,621.25,616.25,611.5,607.25,603.5,600.5,597.75,595.25,593.0,590.25,587.0,,,,,,,,,,,,,,,,,,
2024-01-06,,,,,,,,,,,,,,,,,,,,,,,,,,,,,,
2024-01-07,,,,,,,,,,,,,,,,,,,,,,,,,,,,,,
2024-01-08,,601.0,595.0,590.0,585.5,581.75,578.5,575.75,573.25,571.0,568.0,564.5,,,,,,,,,,,,,,,,,,
2024-01-09,,616.75,609.75,603.75,598.5,594.25,591.0,588.0,585.5,583.25,580.25,576.75,,,,,,,,,,,,,,,,,,
2024-01-10,,615.16,608.16,602.16,596.91,592.66,589.41,586.41,583.91,581.66,578.66,575.16,,,,,,,,,,,,,,,,,,
2024-01-11,,626.0,619.75,613.5,608.5,604.0,601.0,598.25,595.75,593.5,590.75,587.75,,,,,,,,,,,,,,,,,,
2024-01-12,,624.75,619.25,613.5,608.5,604.0,601.0,598.25,595.75,593.5,590.75,587.75,,,,,,,,,,,,,,,,,,
2024-01-13,,,,,,,,,,,,,,,,,,,,,,,,,,,,,,
2024-01-14,,,,,,,,,,,,,,,,,,,,,,,,,,,,,,
2024-01-15,,623.75,617.25,610.5,605.25,600.75,597.25,594.0,591.5,589.5,586.5,583.0,,,,,,,,,,,,,,,,,,
2024-01-16,,626.25,619.25,612.75,607.25,602.25,598.75,595.5,592.75,590.5,587.75,584.25,,,,,,,,,,,,,,,,,,
2024-01-17,,615.25,609.75,603.75,598.25,593.5,590.0,587.0,584.5,582.0,579.25,576.25,,,,,,,,,,,,,,,,,,
2024-01-18,,620.5,616.5,611.75,607.0,602.5,599.0,595.75,593.0,590.25,587.5,584.75,,,,,,,,,,,,,,,,,,
2024-01-19,,619.25,615.5,611.0,606.5,602.0,598.5,595.25,592.75,590.0,587.25,584.5,,,,,,,,,,,,,,,,,,
2024-01-20,,,,,,,,,,,,,,,,,,,,,,,,,,,,,,
2024-01-21,,,,,,,,,,,,,,,,,,,,,,,,,,,,,,
2024-01-22,,634.0,628.0,621.75,616.0,611.0,607.5,604.0,601.5,598.75,596.0,593.25,,,,,,,,,,,,,,,,,,
2024-01-23,,635.0,629.0,623.0,617.75,612.75,609.5,606.5,603.5,600.75,598.0,595.25,,,,,,,,,,,,,,,,,,
2024-01-24,,636.38,630.38,624.13,618.63,613.63,610.13,607.13,604.38,601.88,598.63,595.88,,,,,,,,,,,,,,,,,,
2024-01-25,,650.75,642.5,634.25,627.5,621.75,617.0,613.0,609.75,606.75,603.5,600.5,,,,,,,,,,,,,,,,,,
2024-01-26,,658.75,649.5,641.0,634.0,627.75,622.75,618.75,615.25,612.25,609.0,606.0,,,,,,,,,,,,,,,,,,
2024-01-27,,,,,,,,,,,,,,,,,,,,,,,,,,,,,,
2024-01-28,,,,,,,,,,,,,,,,,,,,,,,,,,,,,,
2024-01-29,,668.0,657.5,648.25,640.25,633.75,628.25,623.75,620.0,616.5,612.75,608.5,,,,,,,,,,,,,,,,,,
2024-01-30,,660.25,651.0,642.75,635.5,629.25,624.5,620.75,617.5,614.25,611.0,607.0,,,,,,,,,,,,,,,,,,
2024-01-31,,646.28,638.28,630.78,624.28,618.53,613.78,610.28,606.78,603.53,600.28,596.53,,,,,,,,,,,,,,,,,,
2024-02-01,,,635.0,627.25,620.75,615.0,610.0,606.5,603.5,600.5,597.25,593.5,,,,,,,,,,,,,,,,,,
2024-02-02,,,607.75,600.25,594.0,588.25,584.25,580.75,578.0,575.25,572.0,568.5,,,,,,,,,,,,,,,,,,
2024-02-03,,,,,,,,,,,,,,,,,,,,,,,,,,,,,,
2024-02-04,,,,,,,,,,,,,,,,,,,,,,,,,,,,,,
2024-02-05,,,610.75,602.25,595.5,589.25,584.5,581.25,578.75,576.52,573.52,570.02,,,,,,,,,,,,,,,,,,
2024-02-06,,,623.0,614.0,607.0,600.75,595.75,592.5,589.75,587.0,584.0,580.5,,,,,,,,,,,,,,,,,,
2024-02-07,,,629.5,619.5,611.5,604.5,599.25,595.0,591.5,589.0,585.75,582.0,,,,,,,,,,,,,,,,,,
2024-02-08,,,646.75,636.25,627.25,619.5,613.5,609.0,605.5,603.0,600.0,596.5,,,,,,,,,,,,,,,,,,
2024-02-09,,,656.0,643.75,633.5,624.5,617.5,613.0,609.25,606.5,603.25,599.5,,,,,,,,,,,,,,,,,,
2024-02-10,,,,,,,,,,,,,,,,,,,,,,,,,,,,,,
2024-02-11,,,,,,,,,,,,,,,,,,,,,,,,,,,,,,
2024-02-12,,,661.0,650.0,640.0,631.75,625.0,620.25,616.75,614.0,610.5,606.5,,,,,,,,,,,,,,,,,,
2024-02-13,,,668.25,656.5,646.5,638.25,631.75,626.75,623.25,620.25,617.0,613.0,,,,,,,,,,,,,,,,,,
2024-02-14,,,656.68,646.18,637.18,629.18,622.93,617.68,613.93,610.93,607.68,603.68,,,,,,,,,,,,,,,,,,
2024-02-15,,,660.0,649.25,640.75,633.5,627.25,622.75,620.0,617.5,614.0,610.25,,,,,,,,,,,,,,,,,,
2024-02-16,,,657.75,649.5,642.25,635.5,629.75,625.0,622.25,619.75,616.25,612.5,,,,,,,,,,,,,,,,,,
2024-02-17,,,,,,,,,,,,,,,,,,,,,,,,,,,,,,
2024-02-18,,,,,,,,,,,,,,,,,,,,,,,,,,,,,,
2024-02-19,,,651.75,644.75,638.75,633.0,627.25,623.0,620.0,617.5,614.0,610.0,,,,,,,,,,,,,,,,,,
2024-02-20,,,646.0,637.75,631.0,624.5,618.75,614.25,610.75,608.0,604.25,600.25,,,,,,,,,,,,,,,,,,
2024-02-21,,,654.12,645.37,638.62,632.12,626.12,621.37,617.62,614.87,611.87,607.87,,,,,,,,,,,,,,,,,,
2024-02-22,,,659.5,648.75,640.5,633.25,627.0,621.75,617.75,614.75,611.5,608.0,,,,,,,,,,,,,,,,,,
2024-02-23,,,659.0,647.0,637.75,630.25,624.0,618.75,614.75,612.0,608.75,605.0,,,,,,,,,,,,,,,,,,
2024-02-24,,,,,,,,,,,,,,,,,,,,,,,,,,,,,,
2024-02-25,,,,,,,,,,,,,,,,,,,,,,,,,,,,,,
2024-02-26,,,656.75,645.25,636.0,628.75,622.75,617.5,613.75,610.25,607.0,603.25,,,,,,,,,,,,,,,,,,
2024-02-27,,,665.75,653.0,643.25,635.75,629.5,624.5,620.75,618.0,614.75,610.75,,,,,,,,,,,,,,,,,,
2024-02-28,,,672.76,657.76,646.26,637.51,630.26,624.76,620.26,617.01,614.01,610.51,,,,,,,,,,,,,,,,,,
2024-02-29,,,681.25,664.75,652.75,643.25,635.75,630.0,625.5,621.75,618.25,614.0,,,,,,,,,,,,,,,,,,
2024-03-01,,,,674.25,662.25,652.25,644.5,638.25,633.5,630.25,626.5,622.25,,,,,,,,,,,,,,,,,,
2024-03-02,,,,,,,,,,,,,,,,,,,,,,,,,,,,,,
2024-03-03,,,,,,,,,,,,,,,,,,,,,,,,,,,,,,
2024-03-04,,,,671.25,659.0,649.25,642.0,636.0,631.25,628.0,624.0,619.75,,,,,,,,,,,,,,,,,,
2024-03-05,,,,659.5,650.0,642.0,635.25,630.0,625.75,622.75,618.75,614.5,,,,,,,,,,,,,,,,,,
2024-03-06,,,,667.3,655.8,646.8,639.3,633.3,628.55,625.3,620.8,616.55,,,,,,,,,,,,,,,,,,
2024-03-07,,,,667.25,655.5,646.0,638.5,632.75,628.25,624.75,620.5,616.25,,,,,,,,,,,,,,,,,,
2024-03-08,,,,666.25,652.5,642.25,634.25,628.25,623.5,619.75,615.5,611.25,,,,,,,,,,,,,,,,,,
2024-03-09,,,,,,,,,,,,,,,,,,,,,,,,,,,,,,
2024-03-10,,,,,,,,,,,,,,,,,,,,,,,,,,,,,,
2024-03-11,,,,673.0,659.25,649.25,641.25,635.25,630.25,626.25,622.0,617.25,,,,,,,,,,,,,,,,,,
2024-03-12,,,,676.5,662.25,651.75,643.75,637.5,633.0,628.75,624.5,620.5,,,,,,,,,,,,,,,,,,
2024-03-13,,,,687.54,673.29,662.04,653.29,646.79,641.79,637.29,632.79,628.04,,,,,,,,,,,,,,,,,,
2024-03-14,,,,690.25,676.25,665.25,656.25,649.5,644.0,639.5,635.0,630.0,,,,,,,,,,,,,,,,,,
2024-03-15,,,,696.25,681.75,671.0,662.5,656.0,650.75,646.0,641.25,636.5,,,,,,,,,,,,,,,,,,
2024-03-16,,,,,,,,,,,,,,,,,,,,,,,,,,,,,,
2024-03-17,,,,,,,,,,,,,,,,,,,,,,,,,,,,,,
2024-03-18,,,,703.25,688.5,678.5,670.0,663.5,658.0,652.75,647.75,643.0,,,,,,,,,,,,,,,,,,
2024-03-19,,,,703.25,689.5,680.5,672.5,666.0,660.75,656.25,651.5,646.75,,,,,,,,,,,,,,,,,,
2024-03-20,,,,693.0,678.0,669.0,661.5,655.5,650.75,647.0,642.75,638.25,,,,,,,,,,,,,,,,,,
2024-03-21,,,,694.25,678.5,668.75,661.0,655.25,650.25,646.0,641.5,636.75,,,,,,,,,,,,,,,,,,
2024-03-22,,,,692.77,676.52,666.52,658.77,652.52,647.27,643.02,638.52,633.77,,,,,,,,,,,,,,,,,,
2024-03-23,,,,,,,,,,,,,,,,,,,,,,,,,,,,,,
2024-03-24,,,,,,,,,,,,,,,,,,,,,,,,,,,,,,
2024-03-25,,,,702.25,685.75,675.0,667.0,660.75,655.75,651.5,647.0,642.25,,,,,,,,,,,,,,,,,,
2024-03-26,,,,694.5,680.5,671.25,663.75,658.0,653.5,649.25,645.0,640.75,,,,,,,,,,,,,,,,,,
2024-03-27,,,,685.87,672.62,664.12,656.87,651.37,646.87,643.37,639.37,635.12,,,,,,,,,,,,,,,,,,
2024-03-28,,,,692.14,679.14,671.14,664.14,658.64,654.14,650.64,646.64,642.39,,,,,,,,,,,,,,,,,,
2024-03-29,,,,,,,,,,,,,,,,,,,,,,,,,,,,,,
2024-03-30,,,,,,,,,,,,,,,,,,,,,,,,,,,,,,
2024-03-31,,,,,,,,,,,,,,,,,,,,,,,,,,,,,,
2024-04-01,,,,,,,,,,,,,,,,,,,,,,,,,,,,,,
2024-04-02,,,,,680.5,673.5,667.25,662.0,657.5,653.75,649.5,645.0,,,,,,,,,,,,,,,,,,
2024-04-03,,,,,683.75,677.25,671.0,665.5,661.0,657.0,652.75,648.25,,,,,,,,,,,,,,,,,,
2024-04-04,,,,,682.0,676.25,670.75,665.75,661.25,657.0,652.5,647.75,,,,,,,,,,,,,,,,,,
2024-04-05,,,,,697.25,691.0,685.0,679.5,674.5,669.5,664.75,659.75,,,,,,,,,,,,,,,,,,
2024-04-06,,,,,,,,,,,,,,,,,,,,,,,,,,,,,,
2024-04-07,,,,,,,,,,,,,,,,,,,,,,,,,,,,,,
2024-04-08,,,,,685.71,679.96,674.46,669.46,664.46,659.96,654.96,649.46,,,,,,,,,,,,,,,,,,
2024-04-09,,,,,682.5,677.75,672.75,668.0,663.25,659.25,654.5,649.25,,,,,,,,,,,,,,,,,,
2024-04-10,,,,,680.5,675.75,670.75,666.0,661.25,657.5,652.5,647.25,,,,,,,,,,,,,,,,,,
2024-04-11,,,,,679.25,674.75,670.25,665.5,661.0,657.5,653.25,648.25,,,,,,,,,,,,,,,,,,
2024-04-12,,,,,693.25,686.75,681.25,676.0,670.75,666.75,662.0,656.75,,,,,,,,,,,,,,,,,,
2024-04-13,,,,,,,,,,,,,,,,,,,,,,,,,,,,,,
2024-04-14,,,,,,,,,,,,,,,,,,,,,,,,,,,,,,
2024-04-15,,,,,683.25,676.25,670.5,665.75,661.25,657.5,653.0,648.0,,,,,,,,,,,,,,,,,,
2024-04-16,,,,,691.5,683.75,677.5,672.25,667.5,663.75,659.25,654.25,,,,,,,,,,,,,,,,,,
2024-04-17,,,,,684.25,676.5,670.25,665.0,660.25,656.5,652.0,647.0,,,,,,,,,,,,,,,,,,
2024-04-18,,,,,670.5,662.75,656.5,651.25,647.0,643.5,639.25,632.75,,,,,,,,,,,,,,,,,,
2024-04-19,,,,,674.25,665.75,658.5,652.5,647.5,643.75,639.5,635.0,,,,,,,,,,,,,,,,,,
2024-04-20,,,,,,,,,,,,,,,,,,,,,,,,,,,,,,
2024-04-21,,,,,,,,,,,,,,,,,,,,,,,,,,,,,,
2024-04-22,,,,,671.5,662.75,655.75,649.5,644.5,640.25,635.75,631.25,,,,,,,,,,,,,,,,,,
2024-04-23,,,,,680.0,670.25,662.5,656.0,651.0,647.0,642.5,637.5,,,,,,,,,,,,,,,,,,
2024-04-24,,,,,682.01,671.26,662.76,656.01,650.76,647.01,642.51,637.51,,,,,,,,,,,,,,,,,,
2024-04-25,,,,,680.75,669.0,660.25,653.0,647.5,643.5,639.25,634.25,,,,,,,,,,,,,,,,,,
2024-04-26,,,,,698.0,685.0,675.0,667.25,661.5,657.25,652.5,647.25,,,,,,,,,,,,,,,,,,
2024-04-27,,,,,,,,,,,,,,,,,,,,,,,,,,,,,,
2024-04-28,,,,,,,,,,,,,,,,,,,,,,,,,,,,,,
2024-04-29,,,,,696.98,682.23,672.23,664.48,658.73,654.48,649.73,644.73,,,,,,,,,,,,,,,,,,
2024-04-30,,,,,688.75,674.5,665.0,657.25,651.75,648.0,643.75,639.0,,,,,,,,,,,,,,,,,,
2024-05-01,,,,,,655.5,647.0,640.0,635.0,631.5,627.75,623.75,,,,,,,,,,,,,,,,,,
2024-05-02,,,,,,645.25,636.75,630.0,625.25,621.75,618.0,613.75,,,,,,,,,,,,,,,,,,
2024-05-03,,,,,,648.75,640.25,633.75,628.75,625.25,621.5,617.25,,,,,,,,,,,,,,,,,,
2024-05-04,,,,,,,,,,,,,,,,,,,,,,,,,,,,,,
2024-05-05,,,,,,,,,,,,,,,,,,,,,,,,,,,,,,
2024-05-06,,,,,,,,,,,,,,,,,,,,,,,,,,,,,,
2024-05-07,,,,,,642.0,635.0,629.25,624.75,621.5,617.75,613.75,,,,,,,,,,,,,,,,,,
2024-05-08,,,,,,641.5,634.5,629.0,625.0,622.0,618.25,614.5,,,,,,,,,,,,,,,,,,
2024-05-09,,,,,,646.25,638.5,632.5,628.0,624.5,620.75,616.5,,,,,,,,,,,,,,,,,,
2024-05-10,,,,,,640.25,634.0,629.0,625.0,621.75,618.0,614.25,,,,,,,,,,,,,,,,,,
2024-05-11,,,,,,,,,,,,,,,,,,,,,,,,,,,,,,
2024-05-12,,,,,,,,,,,,,,,,,,,,,,,,,,,,,,
2024-05-13,,,,,,637.25,630.5,625.25,621.25,618.0,614.25,610.25,,,,,,,,,,,,,,,,,,
2024-05-14,,,,,,627.5,621.5,617.25,614.0,611.25,607.75,604.0,,,,,,,,,,,,,,,,,,
2024-05-15,,,,,,634.25,626.75,622.0,618.25,615.5,612.5,609.0,,,,,,,,,,,,,,,,,,
2024-05-16,,,,,,645.75,636.75,631.0,626.25,623.0,619.25,615.25,,,,,,,,,,,,,,,,,,
2024-05-17,,,,,,658.0,648.75,642.75,638.25,634.75,631.0,627.0,,,,,,,,,,,,,,,,,,
2024-05-18,,,,,,,,,,,,,,,,,,,,,,,,,,,,,,
2024-05-19,,,,,,,,,,,,,,,,,,,,,,,,,,,,,,
2024-05-20,,,,,,670.0,660.75,652.5,645.25,639.0,634.25,630.5,,,,,,,,,,,,,,,,,,
2024-05-21,,,,,,658.5,648.75,643.25,639.0,636.0,632.25,628.25,,,,,,,,,,,,,,,,,,
2024-05-22,,,,,,652.82,643.32,638.07,634.07,630.82,627.07,623.07,,,,,,,,,,,,,,,,,,
2024-05-23,,,,,,647.75,638.25,633.0,629.0,626.0,622.5,619.0,,,,,,,,,,,,,,,,,,
2024-05-24,,,,,,649.5,640.25,635.25,631.25,628.25,624.75,621.0,,,,,,,,,,,,,,,,,,
2024-05-25,,,,,,,,,,,,,,,,,,,,,,,,,,,,,,
2024-05-26,,,,,,,,,,,,,,,,,,,,,,,,,,,,,,
2024-05-27,,,,,,,,,,,,,,,,,,,,,,,,,,,,,,
2024-05-28,,,,,,664.75,657.5,653.25,649.5,646.5,642.75,638.5,,,,,,,,,,,,,,,,,,
2024-05-29,,,,,,663.0,655.25,651.25,648.0,645.0,641.75,638.0,,,,,,,,,,,,,,,,,,
2024-05-30,,,,,,654.94,647.69,643.69,640.19,637.44,634.19,630.44,,,,,,,,,,,,,,,,,,
2024-05-31,,,,,,650.75,644.75,641.0,637.5,634.75,631.5,627.75,,,,,,,,,,,,,,,,,,
2024-06-01,,,,,,,,,,,,,,,,,,,,,,,,,,,,,,
2024-06-02,,,,,,,,,,,,,,,,,,,,,,,,,,,,,,
2024-06-03,,,,,,,622.5,618.25,615.0,612.0,608.5,605.0,,,,,,,,,,,,,,,,,,
2024-06-04,,,,,,,617.0,613.25,610.25,607.5,604.25,600.75,,,,,,,,,,,,,,,,,,
2024-06-05,,,,,,,613.78,610.28,607.53,604.78,601.78,598.53,,,,,,,,,,,,,,,,,,
2024-06-06,,,,,,,624.5,620.75,618.0,615.75,613.0,609.75,,,,,,,,,,,,,,,,,,
2024-06-07,,,,,,,627.25,623.75,620.75,618.0,614.75,611.25,,,,,,,,,,,,,,,,,,
2024-06-08,,,,,,,,,,,,,,,,,,,,,,,,,,,,,,
2024-06-09,,,,,,,,,,,,,,,,,,,,,,,,,,,,,,
2024-06-10,,,,,,,640.0,635.5,632.0,629.25,626.0,622.5,,,,,,,,,,,,,,,,,,
2024-06-11,,,,,,,646.25,641.75,637.75,634.5,630.75,626.75,,,,,,,,,,,,,,,,,,
2024-06-12,,,,,,,651.5,646.5,642.5,639.0,635.25,631.25,,,,,,,,,,,,,,,,,,
2024-06-13,,,,,,,653.25,648.25,644.25,641.0,637.5,633.5,,,,,,,,,,,,,,,,,,
2024-06-14,,,,,,,651.5,646.5,642.5,639.25,635.5,631.5,,,,,,,,,,,,,,,,,,
2024-06-15,,,,,,,,,,,,,,,,,,,,,,,,,,,,,,
2024-06-16,,,,,,,,,,,,,,,,,,,,,,,,,,,,,,
2024-06-17,,,,,,,658.5,652.5,647.5,643.75,639.75,635.5,,,,,,,,,,,,,,,,,,
2024-06-18,,,,,,,665.5,658.5,653.0,649.0,644.5,639.75,,,,,,,,,,,,,,,,,,
2024-06-19,,,,,,,674.5,666.75,660.75,656.25,651.75,647.0,,,,,,,,,,,,,,,,,,
2024-06-20,,,,,,,675.95,667.45,660.7,656.2,651.45,646.7,,,,,,,,,,,,,,,,,,
2024-06-21,,,,,,,679.23,669.48,662.23,657.48,652.73,647.73,,,,,,,,,,,,,,,,,,
2024-06-22,,,,,,,,,,,,,,,,,,,,,,,,,,,,,,
2024-06-23,,,,,,,,,,,,,,,,,,,,,,,,,,,,,,
2024-06-24,,,,,,,680.25,670.75,664.0,659.75,655.5,651.0,,,,,,,,,,,,,,,,,,
2024-06-25,,,,,,,681.5,671.5,664.5,660.5,656.25,651.75,,,,,,,,,,,,,,,,,,
2024-06-26,,,,,,,680.93,670.68,663.18,658.93,654.43,649.93,,,,,,,,,,,,,,,,,,
2024-06-27,,,,,,,690.5,679.0,670.75,666.0,661.25,656.25,,,,,,,,,,,,,,,,,,
2024-06-28,,,,,,,690.65,677.15,668.9,664.15,659.15,654.15,,,,,,,,,,,,,,,,,,
2024-06-29,,,,,,,,,,,,,,,,,,,,,,,,,,,,,,
2024-06-30,,,,,,,,,,,,,,,,,,,,,,,,,,,,,,
2024-07-01,,,,,,,,689.5,681.0,675.75,670.5,665.25,,,,,,,,,,,,,,,,,,
2024-07-02,,,,,,,,692.5,685.25,680.75,675.75,670.75,,,,,,,,,,,,,,,,,,
2024-07-03,,,,,,,,685.6,679.1,674.85,670.1,665.35,,,,,,,,,,,,,,,,,,
2024-07-04,,,,,,,,694.75,687.5,683.0,678.0,673.0,,,,,,,,,,,,,,,,,,
2024-07-05,,,,,,,,700.25,692.25,687.5,682.25,677.0,,,,,,,,,,,,,,,,,,
2024-07-06,,,,,,,,,,,,,,,,,,,,,,,,,,,,,,
2024-07-07,,,,,,,,,,,,,,,,,,,,,,,,,,,,,,
2024-07-08,,,,,,,,687.0,679.0,674.5,669.5,664.5,,,,,,,,,,,,,,,,,,
2024-07-09,,,,,,,,674.25,667.75,663.75,659.25,654.75,,,,,,,,,,,,,,,,,,
2024-07-10,,,,,,,,673.86,667.86,664.11,659.86,655.36,,,,,,,,,,,,,,,,,,
2024-07-11,,,,,,,,676.25,668.25,664.0,659.25,654.25,,,,,,,,,,,,,,,,,,
2024-07-12,,,,,,,,682.0,673.5,668.75,663.5,658.25,,,,,,,,,,,,,,,,,,
2024-07-13,,,,,,,,,,,,,,,,,,,,,,,,,,,,,,
2024-07-14,,,,,,,,,,,,,,,,,,,,,,,,,,,,,,
2024-07-15,,,,,,,,675.25,668.0,663.5,658.25,653.0,,,,,,,,,,,,,,,,,,
2024-07-16,,,,,,,,672.0,664.0,659.25,654.0,648.75,,,,,,,,,,,,,,,,,,
2024-07-17,,,,,,,,679.66,670.91,666.16,660.66,655.16,,,,,,,,,,,,,,,,,,
2024-07-18,,,,,,,,679.07,670.57,666.07,660.82,655.57,,,,,,,,,,,,,,,,,,
2024-07-19,,,,,,,,670.25,661.75,657.25,652.0,646.75,,,,,,,,,,,,,,,,,,
2024-07-20,,,,,,,,,,,,,,,,,,,,,,,,,,,,,,
2024-07-21,,,,,,,,,,,,,,,,,,,,,,,,,,,,,,
2024-07-22,,,,,,,,659.0,650.0,645.5,640.5,635.5,,,,,,,,,,,,,,,,,,
2024-07-23,,,,,,,,653.25,644.25,640.0,635.0,630.0,,,,,,,,,,,,,,,,,,
2024-07-24,,,,,,,,658.12,649.62,645.37,640.62,635.87,,,,,,,,,,,,,,,,,,
2024-07-25,,,,,,,,658.5,649.0,645.0,640.25,635.5,,,,,,,,,,,,,,,,,,
2024-07-26,,,,,,,,654.08,645.83,642.08,637.33,632.58,,,,,,,,,,,,,,,,,,
2024-07-27,,,,,,,,,,,,,,,,,,,,,,,,,,,,,,
2024-07-28,,,,,,,,,,,,,,,,,,,,,,,,,,,,,,
2024-07-29,,,,,,,,640.75,634.75,632.0,628.0,624.0,621.46,616.96,612.21,,,,,,,,,,,,,,,
2024-07-30,,,,,,,,633.75,627.25,624.0,621.5,618.75,619.79,615.79,611.04,,,,,,,,,,,,,,,
2024-07-31,,,,,,,,657.96,650.71,647.21,642.96,638.71,636.0,631.5,626.75,,,,,,,,,,,,,,,
2024-08-01,,,,,,,,,651.8,647.55,642.55,637.3,629.49,624.99,620.24,,,,,,,,,,,,,,,
2024-08-02,,,,,,,,,631.5,626.75,621.5,616.25,612.47,608.22,602.72,,,,,,,,,,,,,,,
2024-08-03,,,,,,,,,,,,,,,,,,,,,,,,,,,,,,
2024-08-04,,,,,,,,,,,,,,,,,,,,,,,,,,,,,,
2024-08-05,,,,,,,,,623.25,618.0,612.5,607.0,616.12,611.87,606.37,,,,,,,,,,,,,,,
2024-08-06,,,,,,,,,633.5,628.25,622.75,617.25,611.72,606.47,600.97,,,,,,,,,,,,,,,
2024-08-07,,,,,,,,,645.08,639.33,633.33,627.33,632.22,615.72,610.47,,,,,,,,,,,,,,,
2024-08-08,,,,,,,,,,,,,626.28,622.03,616.78,,,,,,,,,,,,,,,
2024-08-09,,,,,,,,,645.5,639.75,634.0,628.25,628.72,623.72,618.22,,,,,,,,,,,,,,,
2024-08-10,,,,,,,,,,,,,,,,,,,,,,,,,,,,,,
2024-08-11,,,,,,,,,,,,,,,,,,,,,,,,,,,,,,
2024-08-12,,,,,,,,,657.25,651.5,646.0,640.25,627.48,622.39,616.89,,,,,,,,,,,,,,,
2024-08-13,,,,,,,,,659.5,654.0,648.25,642.75,638.24,633.24,627.99,,,,,,,,,,,,,,,
2024-08-14,,,,,,,,,655.25,649.75,643.75,638.25,631.03,626.28,621.03,,,,,,,,,,,,,,,
2024-08-15,,,,,,,,,661.5,656.5,650.75,645.5,639.54,634.79,630.04,,,,,,,,,,,,,,,
2024-08-16,,,,,,,,,648.0,644.0,638.75,633.5,628.49,624.49,619.49,,,,,,,,,,,,,,,
2024-08-17,,,,,,,,,,,,,,,,,,,,,,,,,,,,,,
2024-08-18,,,,,,,,,,,,,,,,,,,,,,,,,,,,,,
2024-08-19,,,,,,,,,630.92,632.43,627.27,622.38,627.72,623.36,618.73,605.73,,,,,,,,,,,,,,
2024-08-20,,,,,,,,,638.04,633.86,628.79,623.71,618.02,613.57,608.76,603.78,,,,,,,,,,,,,,
2024-08-21,,,,,,,,,638.22,634.3,627.9,622.38,614.63,610.18,605.47,600.13,,,,,,,,,,,,,,
2024-08-22,,,,,,,,,641.33,636.88,630.39,624.87,619.53,614.99,610.27,605.2,,,,,,,,,,,,,,
2024-08-23,,,,,,,,,650.5,645.87,639.29,633.59,631.28,626.56,621.58,616.5,,,,,,,,,,,,,,
2024-08-24,,,,,,,,,,,,,,,,,,,,,,,,,,,,,,
2024-08-25,,,,,,,,,,,,,,,,,,,,,,,,,,,,,,
2024-08-26,,,,,,,,,664.3,658.6,651.84,645.96,634.57,629.76,635.19,619.89,,,,,,,,,,,,,,
2024-08-27,,,,,,,,,657.62,652.82,646.14,640.18,634.13,629.32,624.07,619.08,,,,,,,,,,,,,,
2024-08-28,,,,,,,,,648.72,645.52,639.73,634.75,625.76,620.95,615.97,610.72,,,,,,,,,,,,,,
2024-08-29,,,,,,,,,654.33,651.04,645.34,640.36,635.82,631.01,626.03,620.78,,,,,,,,,,,,,,
2024-08-30,,,,,,,,,638.93,636.71,631.28,626.12,622.38,617.75,612.94,608.4,,,,,,,,,,,,,,
2024-08-31,,,,,,,,,,,,,,,,,,,,,,,,,,,,,,
2024-09-01,,,,,,,,,,,,,,,,,,,,,,,,,,,,,,
2024-09-02,,,,,,,,,,638.04,632.7,627.81,617.66,617.48,608.58,604.22,,,,597.28,,,,,,,,,,
2024-09-03,,,,,,,,,,624.69,618.64,612.59,607.34,602.62,597.64,592.74,,,,581.08,,,,,,,,,,
2024-09-04,,,,,,,,,,620.15,614.72,609.21,600.13,595.59,590.87,585.89,,,,579.12,,,,,,,,,,
2024-09-05,,,,,,,,,,619.97,614.76,609.73,601.93,598.0,593.79,589.59,,,,580.63,,,,,,,,,,
2024-09-06,,,,,,,,,,603.24,598.58,593.78,588.57,585.2,581.57,577.96,,,,568.39,,,,,,,,,,
2024-09-07,,,,,,,,,,,,,,,,,,,,,,,,,,,,,,
2024-09-08,,,,,,,,,,,,,,,,,,,,,,,,,,,,,,
2024-09-09,,,,,,,,,,601.55,596.43,591.48,593.65,590.27,581.75,582.76,,,,567.19,,,,,,,,,,
2024-09-10,,,,,,,,,,587.49,582.74,578.36,575.49,572.06,568.7,565.12,,,,555.71,,,,,,,,,,
2024-09-11,,,,,,,,,,588.29,583.92,579.39,586.96,583.21,579.45,575.46,,,,556.26,,,,,,,,,,
2024-09-12,,,,,,,,,,621.93,616.09,610.8,602.17,597.9,593.63,589.18,,,,583.53,,,,,,,,,,
2024-09-13,,,,,,,,,,624.96,618.34,612.61,603.66,599.21,594.81,590.13,,,,583.78,,,,,,,,,,
2024-09-14,,,,,,,,,,,,,,,,,,,,,,,,,,,,,,
2024-09-15,,,,,,,,,,,,,,,,,,,,,,,,,,,,,,
2024-09-16,,,,,,,,,,628.16,621.38,615.76,604.47,600.1,595.79,591.11,,,,585.6,,,,,,,,,,
2024-09-17,,,,,,,,,,629.85,624.14,618.41,616.7,612.21,607.41,602.61,,,,588.33,,,,,,,,,,
2024-09-18,,,,,,,,,,634.93,627.71,621.78,617.57,612.85,607.79,602.89,,,,590.84,,,,,,,,,,
2024-09-19,,,,,,,,,,641.25,634.27,628.5,623.05,618.59,613.86,609.04,,,,598.06,,,,,,,,,,
2024-09-20,,,,,,,,,,634.57,628.33,623.29,618.4,614.19,609.98,605.64,,,,595.38,,,,,,,,,,
2024-09-21,,,,,,,,,,,,,,,,,,,,,,,,,,,,,,
2024-09-22,,,,,,,,,,,,,,,,,,,,,,,,,,,,,,
2024-09-23,,,,,,,,,,632.97,626.54,621.27,617.28,613.06,608.86,604.66,601.2,,,593.96,,,,,,,,,,
2024-09-24,,,,,,,,,,636.35,631.86,627.07,625.53,621.61,617.27,612.97,609.44,,,598.27,,,,,,,,,,
2024-09-25,,,,,,,,,,633.06,629.8,625.76,617.36,613.49,609.32,605.09,601.9,,,598.98,,,,,,,,,,
2024-09-26,,,,,,,,,,623.45,619.02,615.08,607.42,603.18,598.87,594.65,591.35,,,588.42,,,,,,,,,,
2024-09-27,,,,,,,,,,619.53,616.2,612.02,612.82,609.05,605.19,600.91,597.42,,,584.5,,,,,,,,,,
2024-09-28,,,,,,,,,,,,,,,,,,,,,,,,,,,,,,
2024-09-29,,,,,,,,,,,,,,,,,,,,,,,,,,,,,,
2024-09-30,,,,,,,,,,629.94,626.98,622.53,615.29,610.47,606.8,602.02,598.44,,,593.58,,,,,,,,,,
2024-10-01,,,,,,,,,,,637.69,633.66,626.48,622.32,617.85,613.36,609.89,,,605.45,603.42,,,,,,,,,
2024-10-02,,,,,,,,,,,637.69,632.37,631.15,626.62,622.02,617.46,613.59,,,601.19,598.62,,,,,,,,,
2024-10-03,,,,,,,,,,,664.39,657.8,659.86,655.01,650.09,644.96,640.45,,,621.62,618.82,,,,,,,,,
2024-10-04,,,,,,,,,,,667.06,661.4,656.69,651.34,645.84,640.38,635.64,,,624.48,621.52,,,,,,,,,
2024-10-05,,,,,,,,,,,,,,,,,,,,,,,,,,,,,,
2024-10-06,,,,,,,,,,,,,,,,,,,,,,,,,,,,,,
2024-10-07,,,,,,,,,,,683.08,677.2,677.17,671.65,665.98,661.3,655.4,,,641.3,638.11,,,,,,,,,
2024-10-08,,,,,,,,,,,655.4,650.45,647.66,642.69,637.73,632.73,628.56,,,617.25,614.68,,,,,,,,,
2024-10-09,,,,,,,,,,,653.71,648.53,644.92,639.71,634.58,629.37,625.17,,,614.63,611.98,,,,,,,,,
2024-10-10,,,,,,,,,,,666.43,661.06,665.15,659.4,653.73,647.71,642.71,,,622.87,619.78,,,,,,,,,
2024-10-11,,,,,,,,,,,669.37,664.45,663.3,657.26,651.21,645.1,640.02,,,625.95,622.65,,,,,,,,,
2024-10-12,,,,,,,,,,,,,,,,,,,,,,,,,,,,,,
2024-10-13,,,,,,,,,,,,,,,,,,,,,,,,,,,,,,
2024-10-14,,,,,,,,,,,662.34,657.07,651.38,645.6,639.81,634.07,629.34,,,618.58,615.64,,,,,,,,,
2024-10-15,,,,,,,,,,,634.57,629.6,630.55,625.17,620.23,615.11,610.97,,,595.57,593.02,,,,,,,,,
2024-10-16,,,,,,,,,,,636.17,631.48,628.13,622.58,617.07,611.6,607.15,,,595.9,593.44,,,,,,,,,
2024-10-17,,,,,,,,,,,632.7,629.24,627.19,622.23,617.22,612.24,608.21,,,597.23,595.3,,,,,,,,,
2024-10-18,,,,,,,,,,,620.24,617.19,615.63,611.12,606.58,602.11,598.16,,,586.33,584.38,,,,,,,,,
2024-10-19,,,,,,,,,,,,,,,,,,,,,,,,,,,,,,
2024-10-20,,,,,,,,,,,,,,,,,,,,,,,,,,,,,,
2024-10-21,,,,,,,,,,,632.7,628.84,616.78,612.27,607.83,603.27,599.23,604.82,,596.37,594.09,,,,,,,,,
2024-10-22,,,,,,,,,,,647.83,643.34,638.68,633.08,627.86,622.56,618.02,614.15,,608.78,606.5,,,,,,,,,
2024-10-23,,,,,,,,,,,639.82,635.33,632.0,626.53,621.29,616.32,612.18,608.51,,601.23,599.03,,,,,,,,,
2024-10-24,,,,,,,,,,,640.62,635.3,628.9,623.17,617.69,612.44,608.19,604.21,,599.33,596.82,,,,,,,,,
2024-10-25,,,,,,,,,,,652.37,646.27,641.94,636.18,630.42,624.88,620.4,616.67,,610.06,607.82,,,,,,,,,
2024-10-26,,,,,,,,,,,,,,,,,,,,,,,,,,,,,,
2024-10-27,,,,,,,,,,,,,,,,,,,,,,,,,,,,,,
2024-10-28,,,,,,,,,,,625.05,618.42,616.76,611.88,606.83,602.09,598.24,595.22,,582.78,580.61,,,,,,,,,
2024-10-29,,,,,,,,,,,618.73,610.68,606.55,600.5,595.05,589.94,585.73,582.26,,573.9,571.84,,,,,,,,,
2024-10-30,,,,,,,,,,,631.1,623.11,616.33,610.5,606.01,599.93,595.79,593.66,,587.61,585.69,,,,,,,,,
2024-10-31,,,,,,,,,,,636.26,628.12,624.68,618.34,612.37,606.93,602.57,598.7,,591.22,589.02,,,,,,,,,
2024-11-01,,,,,,,,,,,,634.84,625.73,619.25,613.02,607.29,602.8,598.81,,593.74,591.28,589.55,,,,,,,,
2024-11-02,,,,,,,,,,,,,,,,,,,,,,,,,,,,,,
2024-11-03,,,,,,,,,,,,,,,,,,,,,,,,,,,,,,
2024-11-04,,,,,,,,,,,,640.44,624.07,617.66,611.7,606.36,602.09,598.44,,602.22,600.01,597.94,,,,,,,,
2024-11-05,,,,,,,,,,,,648.1,639.72,633.98,627.62,622.12,617.45,613.9,,610.87,608.42,606.37,,,,,,,,
2024-11-06,,,,,,,,,,,,644.63,637.74,632.02,626.5,621.03,616.87,612.84,,608.96,606.43,604.5,,,,,,,,
2024-11-07,,,,,,,,,,,,641.16,637.79,632.59,626.95,621.75,617.38,613.61,,606.57,604.02,602.1,,,,,,,,
2024-11-08,,,,,,,,,,,,624.78,625.36,620.71,615.95,611.34,607.35,603.86,,593.27,590.8,588.86,,,,,,,,
2024-11-09,,,,,,,,,,,,,,,,,,,,,,,,,,,,,,
2024-11-10,,,,,,,,,,,,,,,,,,,,,,,,,,,,,,
2024-11-11,,,,,,,,,,,,612.5,624.38,619.72,615.06,610.39,606.77,603.25,,583.04,580.78,578.97,,,,,,,,
2024-11-12,,,,,,,,,,,,614.1,607.36,602.66,598.17,593.65,589.88,586.68,,584.48,582.23,580.43,,,,,,,,
2024-11-13,,,,,,,,,,,,611.43,605.3,600.86,596.45,591.61,588.01,584.75,,582.9,580.57,578.78,,,,,,,,
2024-11-14,,,,,,,,,,,,608.32,603.46,599.21,594.79,590.31,586.4,582.91,,578.78,576.81,575.15,,,,,,,,
2024-11-15,,,,,,,,,,,,605.65,592.82,588.57,583.99,579.24,575.5,572.1,,575.28,573.07,571.29,,,,,,,,
2024-11-16,,,,,,,,,,,,,,,,,,,,,,,,,,,,,,
2024-11-17,,,,,,,,,,,,,,,,,,,,,,,,,,,,,,
2024-11-18,,,,,,,,,,,,612.77,591.66,587.5,583.01,578.26,574.44,571.21,,582.39,580.12,578.33,,,,,,,,
2024-11-19,,,,,,,,,,,,611.16,611.71,606.91,602.13,597.14,592.96,589.43,,579.79,577.61,575.92,,,,,,,,
2024-11-20,,,,,,,,,,,,619.26,614.63,609.71,605.27,599.93,595.43,591.35,,585.57,582.89,580.95,,,,,,,,
2024-11-21,,,,,,,,,,,,620.33,622.14,617.8,613.13,607.87,603.46,599.46,,588.55,586.12,584.16,,,,,,,,
2024-11-22,,,,,,,,,,,,626.74,627.41,623.65,619.29,613.72,609.53,605.43,,596.12,594.25,591.05,,,,,,,,
2024-11-23,,,,,,,,,,,,,,,,,,,,,,,,,,,,,,
2024-11-24,,,,,,,,,,,,,,,,,,,,,,,,,,,,,,
2024-11-25,,,,,,,,,,,,610.54,627.51,623.59,618.85,614.14,609.89,605.95,583.09,579.42,577.21,575.17,,,,,,,,
2024-11-26,,,,,,,,,,,,608.49,607.3,604.24,600.26,595.7,591.65,587.6,583.91,582.71,580.41,578.6,,,,,,,,
2024-11-27,,,,,,,,,,,,604.4,606.76,603.41,599.06,594.4,590.16,586.09,582.25,578.93,576.35,574.58,,,,,,,,
2024-11-28,,,,,,,,,,,,603.87,608.89,605.6,601.39,596.6,592.42,588.5,584.82,577.64,575.06,573.31,,,,,,,,
2024-11-29,,,,,,,,,,,,607.34,602.85,599.81,595.55,590.92,586.51,582.31,578.22,580.24,577.43,575.74,,,,,,,,
2024-11-30,,,,,,,,,,,,,,,,,,,,,,,,,,,,,,
2024-12-01,,,,,,,,,,,,,,,,,,,,,,,,,,,,,,
2024-12-02,,,,,,,,,,,,,603.53,600.41,596.26,591.55,587.05,582.76,578.66,573.12,570.9,569.21,567.22,,,,,,,
2024-12-03,,,,,,,,,,,,,610.01,608.28,604.68,600.8,596.84,593.15,589.59,587.38,585.11,583.31,581.38,,,,,,,
2024-12-04,,,,,,,,,,,,,602.62,600.85,597.27,592.7,588.35,584.44,580.59,582.75,579.94,577.99,575.51,,,,,,,
2024-12-05,,,,,,,,,,,,,601.28,599.52,595.67,590.92,586.6,582.69,578.67,574.23,571.65,569.6,567.31,,,,,,,
2024-12-06,,,,,,,,,,,,,596.28,593.6,589.69,585.16,580.9,577.06,573.35,571.06,568.68,566.68,564.49,,,,,,,
2024-12-07,,,,,,,,,,,,,,,,,,,,,,,,,,,,,,
2024-12-08,,,,,,,,,,,,,,,,,,,,,,,,,,,,,,
2024-12-09,,,,,,,,,,,,,598.35,594.96,590.67,585.92,581.43,577.24,573.45,582.25,579.83,577.89,575.56,,,,,,,
2024-12-10,,,,,,,,,,,,,605.56,602.84,597.88,593.06,588.51,584.03,579.95,581.49,578.67,576.68,574.24,,,,,,,
2024-12-11,,,,,,,,,,,,,619.0,615.97,611.61,606.43,601.52,597.11,593.02,586.67,583.97,582.04,579.26,,,,,,,
2024-12-12,,,,,,,,,,,,,615.79,612.67,608.69,604.02,599.38,595.07,591.03,581.0,578.28,575.99,573.47,,,,,,,
2024-12-13,,,,,,,,,,,,,621.22,618.75,614.7,609.77,604.8,600.24,595.91,591.28,588.23,586.06,583.63,,,,,,,
2024-12-14,,,,,,,,,,,,,,,,,,,,,,,,,,,,,,
2024-12-15,,,,,,,,,,,,,,,,,,,,,,,,,,,,,,
2024-12-16,,,,,,,,,,,,,621.58,619.11,614.99,610.18,605.47,601.11,595.94,587.57,584.38,581.88,579.19,,,,,,,
2024-12-17,,,,,,,,,,,,,613.83,611.37,607.16,602.17,597.71,593.51,588.57,580.77,577.7,575.5,572.82,,,,,,,
2024-12-18,,,,,,,,,,,,,615.79,610.99,605.79,600.25,595.21,590.51,585.96,590.87,587.42,584.97,582.31,,,,,,,
2024-12-19,,,,,,,,,,,,,611.7,606.82,601.64,595.88,590.25,585.21,580.64,578.8,575.27,572.6,569.56,,,,,,,
2024-12-20,,,,,,,,,,,,,615.79,610.16,604.7,598.69,593.23,587.88,583.07,579.13,575.82,573.33,570.36,,,,,,,
2024-12-21,,,,,,,,,,,,,,,,,,,,,,,,,,,,,,
2024-12-22,,,,,,,,,,,,,,,,,,,,,,,,,,,,,,
2024-12-23,,,,,,,,,,,,,616.15,610.6,605.14,599.22,593.68,588.5,583.78,575.16,571.83,569.38,566.64,,,,,,,
2024-12-24,,,,,,,,,,,,,623.09,617.54,612.15,606.09,600.54,595.62,590.9,587.49,584.29,581.86,579.07,,,,,,,
2024-12-25,,,,,,,,,,,,,623.09,617.54,612.15,606.09,600.54,595.62,590.9,586.88,583.65,581.18,578.39,,,,,,,
2024-12-26,,,,,,,,,,,,,617.57,612.03,606.64,600.67,595.22,589.92,585.28,584.59,581.04,578.6,575.66,,,,,,,
2024-12-27,,,,,,,,,,,,,624.63,618.86,613.43,607.79,601.84,594.37,589.63,586.65,583.06,580.24,577.18,,,,,,,
2024-12-28,,,,,,,,,,,,,,,,,,,,,,,,,,,,,,
2024-12-29,,,,,,,,,,,,,,,,,,,,,,,,,,,,,,
2024-12-30,,,,,,,,,,,,,624.34,618.92,613.22,607.05,601.39,596.24,591.24,591.72,588.28,585.33,582.13,,,,,,,
2024-12-31,,,,,,,,,,,,,634.93,633.64,627.13,620.39,614.2,608.77,603.82,599.98,596.16,593.1,589.79,,,,,,,
2025-01-01,,,,,,,,,,,,,634.66,633.69,627.13,620.39,614.2,608.77,603.82,599.37,595.55,592.47,589.28,585.44,,,,,,
2025-01-02,,,,,,,,,,,,,,645.25,638.13,630.83,624.29,618.26,612.77,611.46,607.81,604.49,601.05,597.06,,,,,,
2025-01-03,,,,,,,,,,,,,,646.94,640.6,633.85,627.6,621.65,616.1,609.1,605.32,601.86,598.07,594.08,,,,,,
2025-01-04,,,,,,,,,,,,,,,,,,,,,,,,,,,,,,
2025-01-05,,,,,,,,,,,,,,,,,,,,,,,,,,,,,,
2025-01-06,,,,,,,,,,,,,,646.94,640.6,633.85,627.51,621.47,615.92,608.87,604.97,601.7,598.0,593.92,,,,,,
2025-01-07,,,,,,,,,,,,,,640.53,636.41,631.1,625.58,620.1,615.0,607.9,603.93,600.67,597.14,593.28,,,,,,
2025-01-08,,,,,,,,,,,,,,634.39,630.44,624.42,618.58,612.89,607.87,603.49,599.52,596.33,592.88,589.13,,,,,,
2025-01-09,,,,,,,,,,,,,,638.31,636.35,630.65,625.94,620.78,615.97,609.75,605.79,602.69,599.03,595.3,,,,,,
2025-01-10,,,,,,,,,,,,,,650.59,647.26,640.57,634.55,628.5,622.51,611.62,607.13,603.31,599.29,595.1,,,,,,
2025-01-11,,,,,,,,,,,,,,,,,,,,,,,,,,,,,,
2025-01-12,,,,,,,,,,,,,,,,,,,,,,,,,,,,,,
2025-01-13,,,,,,,,,,,,,,650.59,648.83,643.52,638.69,633.64,628.5,616.32,610.83,606.24,601.44,596.65,,,,,,
2025-01-14,,,,,,,,,,,,,,650.95,647.12,640.02,634.12,627.65,621.43,614.45,609.37,605.34,601.21,596.8,,,,,,
2025-01-15,,,,,,,,,,,,,,667.14,662.08,654.8,647.54,640.95,634.7,623.67,618.59,614.5,610.22,606.02,,,,,,
2025-01-16,,,,,,,,,,,,,,656.15,650.82,643.47,636.03,629.62,622.68,614.57,609.18,605.16,600.54,596.09,,,,,,
2025-01-17,,,,,,,,,,,,,,653.26,647.44,639.93,631.74,624.82,618.2,616.83,611.73,607.66,603.44,598.99,,,,,,
2025-01-18,,,,,,,,,,,,,,,,,,,,,,,,,,,,,,
2025-01-19,,,,,,,,,,,,,,,,,,,,,,,,,,,,,,
2025-01-20,,,,,,,,,,,,,,656.2,649.66,641.71,634.06,626.87,619.89,616.83,611.76,607.54,603.23,598.97,,,,,,
2025-01-21,,,,,,,,,,,,,,650.23,645.35,638.92,632.34,626.12,620.65,615.95,611.35,607.31,603.09,598.84,,,,,,
2025-01-22,,,,,,,,,,,,,,647.92,642.84,636.2,629.99,624.1,618.37,614.71,610.15,606.45,602.51,598.17,,,,,,
2025-01-23,,,,,,,,,,,,,,644.54,638.69,631.96,625.58,619.26,613.3,608.03,603.58,599.85,595.89,591.63,,,,,,
2025-01-24,,,,,,,,,,,,,,653.26,646.29,638.4,630.61,623.95,617.58,612.93,608.48,604.78,600.77,596.62,,,,,,
2025-01-25,,,,,,,,,,,,,,,,,,,,,,,,,,,,,,
2025-01-26,,,,,,,,,,,,,,,,,,,,,,,,,,,,,,
2025-01-27,,,,,,,,,,,,,,653.26,646.29,638.4,630.61,623.95,617.58,605.8,601.33,597.68,594.04,590.08,,,,,,
2025-01-28,,,,,,,,,,,,,,643.74,636.99,629.78,622.27,615.81,609.86,603.13,599.07,595.22,591.81,588.12,,,,,,
2025-01-29,,,,,,,,,,,,,,637.86,631.64,624.9,618.02,611.42,604.88,602.85,598.66,595.33,591.69,587.88,,,,,,
2025-01-30,,,,,,,,,,,,,,644.81,636.73,628.87,621.15,614.98,608.66,603.44,598.85,595.52,591.95,588.22,,,,,,
2025-01-31,,,,,,,,,,,,,,648.72,637.51,630.82,623.45,617.33,611.25,602.26,597.69,594.55,591.05,587.47,,,,,,
2025-02-01,,,,,,,,,,,,,,,,,,,,,,,,,,,,,,
2025-02-02,,,,,,,,,,,,,,,,,,,,,,,,,,,,,,
2025-02-03,,,,,,,,,,,,,,,637.6,628.7,619.62,611.52,604.49,597.55,593.81,590.99,587.54,584.11,581.63,,,,,
2025-02-04,,,,,,,,,,,,,,,638.66,629.59,620.06,613.66,607.87,603.8,599.26,596.04,592.24,588.62,585.93,,,,,
2025-02-05,,,,,,,,,,,,,,,631.28,622.68,614.07,606.94,600.7,596.07,591.87,588.5,584.72,580.86,578.41,,,,,
2025-02-06,,,,,,,,,,,,,,,633.41,624.41,615.74,608.49,602.29,598.17,594.03,591.05,587.76,583.91,581.14,,,,,
2025-02-07,,,,,,,,,,,,,,,639.82,629.97,621.15,613.5,607.02,600.11,596.14,593.17,589.63,586.07,583.36,,,,,
2025-02-08,,,,,,,,,,,,,,,,,,,,,,,,,,,,,,
2025-02-09,,,,,,,,,,,,,,,,,,,,,,,,,,,,,,
2025-02-10,,,,,,,,,,,,,,,640.71,631.04,622.04,614.48,607.82,608.56,604.6,601.47,597.93,594.12,591.36,,,,,
2025-02-11,,,,,,,,,,,,,,,653.44,643.58,635.13,627.71,621.23,616.48,611.89,608.68,605.25,601.54,598.67,,,,,
2025-02-12,,,,,,,,,,,,,,,640.98,631.18,622.7,615.45,608.88,611.04,606.65,603.67,600.21,596.39,593.37,,,,,
2025-02-13,,,,,,,,,,,,,,,644.81,634.72,626.12,619.07,613.07,606.33,602.35,599.4,595.86,592.28,589.56,,,,,
2025-02-14,,,,,,,,,,,,,,,642.49,630.66,621.14,613.81,607.79,604.5,600.36,597.16,593.44,589.85,587.03,,,,,
2025-02-15,,,,,,,,,,,,,,,,,,,,,,,,,,,,,,
2025-02-16,,,,,,,,,,,,,,,,,,,,,,,,,,,,,,
2025-02-17,,,,,,,,,,,,,,,640.18,628.52,619.36,612.03,606.01,607.01,603.14,599.85,596.42,592.91,590.14,,,,,
2025-02-18,,,,,,,,,,,,,,,647.31,635.99,627.44,620.63,614.12,609.3,605.31,602.37,598.7,594.91,592.2,,,,,
2025-02-19,,,,,,,,,,,,,,,651.75,639.44,630.65,623.13,616.68,612.89,608.65,605.43,601.99,597.93,594.58,,,,,
2025-02-20,,,,,,,,,,,,,,,652.64,641.13,632.7,625.54,618.92,614.73,610.55,607.23,603.75,599.93,596.92,,,,,
2025-02-21,,,,,,,,,,,,,,,636.88,623.77,615.12,608.16,602.18,602.99,598.98,595.76,592.26,588.74,585.9,,,,,
2025-02-22,,,,,,,,,,,,,,,,,,,,,,,,,,,,,,
2025-02-23,,,,,,,,,,,,,,,,,,,,,,,,,,,,,,
2025-02-24,,,,,,,,,,,,,,,638.31,625.11,616.54,609.59,603.52,601.65,597.91,594.98,591.79,588.27,585.75,,,,,
2025-02-25,,,,,,,,,,,,,,,631.76,615.89,607.09,599.9,594.43,585.7,581.8,578.74,575.44,571.96,569.22,,,,,
2025-02-26,,,,,,,,,,,,,,,632.35,615.61,606.45,599.06,593.54,589.05,585.08,581.72,578.14,574.56,572.11,,,,,
2025-02-27,,,,,,,,,,,,,,,638.13,622.64,613.91,606.7,600.1,595.08,591.08,587.85,584.27,580.7,578.24,,,,,
2025-02-28,,,,,,,,,,,,,,,630.74,617.78,607.13,600.08,594.01,587.63,583.64,580.56,577.38,573.89,571.39,,,,,
2025-03-01,,,,,,,,,,,,,,,,,,,,,,,,,,,,,,
2025-03-02,,,,,,,,,,,,,,,,,,,,,,,,,,,,,,
2025-03-03,,,,,,,,,,,,,,,,619.61,611.31,604.26,598.1,586.68,582.92,580.23,576.94,573.5,571.07,567.85,,,,
2025-03-04,,,,,,,,,,,,,,,,597.15,590.31,584.87,580.54,571.22,568.18,565.73,562.96,560.16,558.15,555.8,,,,
2025-03-05,,,,,,,,,,,,,,,,588.11,580.52,574.68,569.9,559.21,555.95,553.48,550.81,547.89,545.51,542.81,,,,
2025-03-06,,,,,,,,,,,,,,,,586.24,579.23,573.76,569.24,561.37,558.3,555.7,552.99,549.93,547.66,545.07,,,,
2025-03-07,,,,,,,,,,,,,,,,595.41,587.93,581.73,576.48,571.78,568.2,565.63,562.81,559.81,557.8,555.0,,,,
2025-03-08,,,,,,,,,,,,,,,,,,,,,,,,,,,,,,
2025-03-09,,,,,,,,,,,,,,,,,,,,,,,,,,,,,,
2025-03-10,,,,,,,,,,,,,,,,595.41,586.07,579.66,574.32,565.39,561.65,559.45,555.77,552.75,550.56,547.97,,,,
2025-03-11,,,,,,,,,,,,,,,,589.89,581.44,574.66,569.03,566.63,562.82,560.08,557.14,554.29,551.36,549.14,,,,
2025-03-12,,,,,,,,,,,,,,,,599.68,590.32,583.09,577.11,573.83,570.64,566.4,563.1,562.02,559.82,556.52,,,,
2025-03-13,,,,,,,,,,,,,,,,591.23,582.91,576.35,570.79,568.29,564.26,562.07,560.17,557.27,555.29,550.29,,,,
2025-03-14,,,,,,,,,,,,,,,,599.68,590.96,583.76,577.69,571.7,568.35,565.97,563.29,560.13,558.08,555.44,,,,
2025-03-15,,,,,,,,,,,,,,,,,,,,,,,,,,,,,,
2025-03-16,,,,,,,,,,,,,,,,,,,,,,,,,,,,,,
2025-03-17,,,,,,,,,,,,,,,,599.68,591.05,583.93,577.79,577.1,573.88,571.7,568.82,565.82,563.52,560.8,,,,
2025-03-18,,,,,,,,,,,,,,,,601.2,591.86,584.56,578.51,575.57,572.37,570.05,567.21,564.1,562.15,559.46,,,,
2025-03-19,,,,,,,,,,,,,,,,601.64,592.38,585.12,579.09,575.1,571.88,569.69,567.01,564.09,562.03,559.42,,,,
2025-03-20,,,,,,,,,,,,,,,,609.12,600.32,593.23,587.4,581.95,578.76,576.55,573.73,570.65,568.71,565.88,,,,
2025-03-21,,,,,,,,,,,,,,,,609.47,600.95,594.0,587.94,583.64,580.42,578.09,575.3,572.2,570.26,567.42,,,,
2025-03-22,,,,,,,,,,,,,,,,,,,,,,,,,,,,,,
2025-03-23,,,,,,,,,,,,,,,,,,,,,,,,,,,,,,
2025-03-24,,,,,,,,,,,,,,,,610.54,602.11,595.15,589.1,588.29,585.02,582.44,579.62,576.37,574.44,571.48,,,,
2025-03-25,,,,,,,,,,,,,,,,611.52,605.04,598.8,593.3,586.65,583.22,580.48,577.53,574.24,572.18,569.18,,,,
2025-03-26,,,,,,,,,,,,,,,,616.59,609.63,602.66,596.73,592.99,589.37,586.42,583.22,579.61,577.31,574.1,,,,
2025-03-27,,,,,,,,,,,,,,,,619.53,612.27,605.29,599.35,592.33,588.58,585.49,582.18,578.6,576.4,573.08,,,,
2025-03-28,,,,,,,,,,,,,,,,615.17,606.95,599.3,593.3,587.81,583.8,580.85,577.56,574.09,571.89,568.58,,,,
2025-03-29,,,,,,,,,,,,,,,,,,,,,,,,,,,,,,
2025-03-30,,,,,,,,,,,,,,,,,,,,,,,,,,,,,,
2025-03-31,,,,,,,,,,,,,,,,616.06,607.84,600.19,594.19,598.69,594.36,591.5,588.14,584.65,582.43,579.15,,,,
2025-04-01,,,,,,,,,,,,,,,,627.04,616.06,609.57,604.13,602.31,598.29,595.19,592.0,588.41,585.96,582.5,578.73,,,
2025-04-02,,,,,,,,,,,,,,,,,615.88,609.97,604.47,597.09,593.31,590.29,586.98,583.4,581.13,577.82,574.02,,,
2025-04-03,,,,,,,,,,,,,,,,,577.08,572.73,568.39,562.06,558.82,556.31,553.63,550.62,549.16,546.63,543.84,,,
2025-04-04,,,,,,,,,,,,,,,,,537.83,533.83,530.75,527.27,525.54,523.98,522.2,520.17,518.92,517.17,515.23,,,
2025-04-05,,,,,,,,,,,,,,,,,,,,,,,,,,,,,,
2025-04-06,,,,,,,,,,,,,,,,,,,,,,,,,,,,,,
2025-04-07,,,,,,,,,,,,,,,,,537.83,533.83,530.75,514.03,511.81,511.13,509.7,508.37,507.82,506.28,504.55,,,
2025-04-08,,,,,,,,,,,,,,,,,511.04,506.79,503.53,511.73,510.01,508.82,507.36,505.79,505.0,503.49,501.53,,,
2025-04-09,,,,,,,,,,,,,,,,,533.94,528.51,523.73,482.08,480.58,479.84,479.02,478.26,478.33,477.59,476.64,,,
2025-04-10,,,,,,,,,,,,,,,,,513.62,509.35,505.61,501.79,499.97,498.99,497.69,496.4,495.83,494.62,492.85,,,
2025-04-11,,,,,,,,,,,,,,,,,528.48,522.25,517.27,505.62,503.34,501.77,500.29,498.73,498.54,496.97,495.06,,,
2025-04-12,,,,,,,,,,,,,,,,,,,,,,,,,,,,,,
2025-04-13,,,,,,,,,,,,,,,,,,,,,,,,,,,,,,
2025-04-14,,,,,,,,,,,,,,,,,527.41,521.54,517.0,518.41,515.77,514.15,512.17,510.3,509.84,508.04,505.97,,,
2025-04-15,,,,,,,,,,,,,,,,,529.92,523.12,517.88,514.03,511.64,509.88,508.15,506.42,506.18,504.63,502.64,,,
2025-04-16,,,,,,,,,,,,,,,,,538.38,530.92,525.7,521.9,519.14,517.41,515.66,513.56,513.02,511.55,509.31,,,
2025-04-17,,,,,,,,,,,,,,,,,555.89,548.22,543.02,536.52,533.68,531.84,530.04,527.99,527.43,525.66,523.11,,,
2025-04-18,,,,,,,,,,,,,,,,,556.87,548.51,543.14,539.41,536.72,534.59,532.57,530.64,530.13,526.2,523.64,,,
2025-04-19,,,,,,,,,,,,,,,,,,,,,,,,,,,,,,
2025-04-20,,,,,,,,,,,,,,,,,,,,,,,,,,,,,,
2025-04-21,,,,,,,,,,,,,,,,,556.87,547.71,542.28,524.83,522.09,520.18,518.12,516.17,515.59,513.94,511.23,,,
2025-04-22,,,,,,,,,,,,,,,,,552.68,544.51,538.92,536.46,533.63,531.57,529.63,527.37,526.99,525.01,522.38,,,
2025-04-23,,,,,,,,,,,,,,,,,545.81,537.83,531.86,523.32,520.56,518.88,516.76,514.7,513.98,512.63,510.85,,,
2025-04-24,,,,,,,,,,,,,,,,,554.2,545.64,539.22,530.22,527.01,525.05,523.03,520.87,519.7,518.3,516.41,,,
2025-04-25,,,,,,,,,,,,,,,,,552.87,544.44,538.16,532.68,529.52,527.62,525.5,523.44,522.93,521.33,519.35,,,
2025-04-26,,,,,,,,,,,,,,,,,,,,,,,,,,,,,,
2025-04-27,,,,,,,,,,,,,,,,,,,,,,,,,,,,,,
2025-04-28,,,,,,,,,,,,,,,,,552.87,544.44,538.16,523.65,520.73,519.0,517.21,515.53,515.17,514.05,512.3,,,
2025-04-29,,,,,,,,,,,,,,,,,540.32,530.53,523.41,523.8,521.61,520.25,518.88,517.46,517.16,515.7,513.59,,,
2025-04-30,,,,,,,,,,,,,,,,,527.01,514.42,506.4,514.42,511.87,510.66,509.46,508.26,507.9,506.4,504.52,,,
2025-05-01,,,,,,,,,,,,,,,,,527.15,523.85,515.04,508.6,506.07,504.67,503.54,502.3,502.06,500.5,498.8,496.53,,
2025-05-02,,,,,,,,,,,,,,,,,,523.41,513.57,507.15,503.84,502.81,501.59,500.27,500.08,498.78,497.03,494.84,,
2025-05-03,,,,,,,,,,,,,,,,,,,,,,,,,,,,,,
2025-05-04,,,,,,,,,,,,,,,,,,,,,,,,,,,,,,
2025-05-05,,,,,,,,,,,,,,,,,,523.5,511.84,498.45,495.49,494.68,493.87,492.89,492.91,491.7,490.1,487.97,,
2025-05-06,,,,,,,,,,,,,,,,,,526.35,517.89,516.31,513.36,512.58,511.64,510.71,510.62,509.38,507.93,505.63,,
2025-05-07,,,,,,,,,,,,,,,,,,516.91,508.37,505.31,502.86,501.98,500.98,499.75,499.75,498.5,497.05,494.88,,
2025-05-08,,,,,,,,,,,,,,,,,,533.86,525.06,518.4,515.09,513.91,512.53,510.78,510.62,509.11,507.6,505.26,,
2025-05-09,,,,,,,,,,,,,,,,,,540.05,531.25,523.33,519.58,518.01,516.32,514.6,514.43,512.58,510.47,507.92,,
2025-05-10,,,,,,,,,,,,,,,,,,,,,,,,,,,,,,
2025-05-11,,,,,,,,,,,,,,,,,,,,,,,,,,,,,,
2025-05-12,,,,,,,,,,,,,,,,,,539.87,531.09,534.12,530.64,528.86,526.9,524.64,524.34,522.94,520.97,518.15,,
2025-05-13,,,,,,,,,,,,,,,,,,557.54,549.82,541.58,538.65,537.12,535.1,533.15,532.74,531.57,529.57,526.75,,
2025-05-14,,,,,,,,,,,,,,,,,,554.99,546.94,540.59,537.4,535.71,533.45,531.34,530.77,529.18,526.85,523.86,,
2025-05-15,,,,,,,,,,,,,,,,,,542.52,534.82,527.63,524.84,523.66,521.9,520.18,520.06,518.56,516.4,513.57,,
2025-05-16,,,,,,,,,,,,,,,,,,544.32,536.75,529.86,526.99,525.38,523.61,521.75,521.44,519.77,517.43,514.44,,
2025-05-17,,,,,,,,,,,,,,,,,,,,,,,,,,,,,,
2025-05-18,,,,,,,,,,,,,,,,,,,,,,,,,,,,,,
2025-05-19,,,,,,,,,,,,,,,,,,544.86,537.29,529.29,526.17,524.64,522.53,520.58,520.26,518.51,516.26,513.52,,
2025-05-20,,,,,,,,,,,,,,,,,,539.92,533.46,524.91,522.28,520.66,519.15,517.45,517.39,515.97,513.64,510.65,,
2025-05-21,,,,,,,,,,,,,,,,,,536.3,529.8,526.44,523.72,522.46,520.51,518.82,518.76,517.19,514.94,512.12,,
2025-05-22,,,,,,,,,,,,,,,,,,532.2,525.82,519.89,517.43,516.49,515.07,513.36,513.4,511.9,509.74,507.0,,
2025-05-23,,,,,,,,,,,,,,,,,,532.69,527.88,524.68,522.11,520.99,519.57,517.78,518.0,516.07,513.82,511.08,,
2025-05-24,,,,,,,,,,,,,,,,,,,,,,,,,,,,,,
2025-05-25,,,,,,,,,,,,,,,,,,,,,,,,,,,,,,
2025-05-26,,,,,,,,,,,,,,,,,,533.38,527.97,523.24,520.76,519.73,518.23,516.44,516.48,514.65,512.41,509.76,,
2025-05-27,,,,,,,,,,,,,,,,,,530.15,524.22,516.19,513.46,512.19,510.77,508.97,509.03,507.27,504.94,502.21,,
2025-05-28,,,,,,,,,,,,,,,,,,533.16,527.83,525.84,523.2,521.58,519.82,517.87,517.74,515.99,513.5,510.5,,
2025-05-29,,,,,,,,,,,,,,,,,,524.74,519.8,516.36,513.45,512.16,510.5,508.88,508.83,507.24,504.91,501.93,,
2025-05-30,,,,,,,,,,,,,,,,,,521.1,515.85,509.31,506.58,505.12,503.87,502.07,502.12,500.37,498.13,495.05,,
2025-05-31,,,,,,,,,,,,,,,,,,,,,,,,,,,,,,
2025-06-01,,,,,,,,,,,,,,,,,,,,,,,,,,,,,,
2025-06-02,,,,,,,,,,,,,,,,,,,525.38,524.57,521.67,519.78,517.94,515.66,515.6,513.5,511.01,508.02,506.18,
2025-06-03,,,,,,,,,,,,,,,,,,,534.8,532.4,529.75,528.03,525.84,523.56,523.24,521.23,518.74,515.66,514.0,
2025-06-04,,,,,,,,,,,,,,,,,,,525.65,520.61,518.13,516.58,514.9,512.85,512.8,511.21,509.06,505.98,504.23,
2025-06-05,,,,,,,,,,,,,,,,,,,530.93,529.95,527.88,526.42,524.65,522.61,522.56,521.05,518.72,516.07,514.22,
2025-06-06,,,,,,,,,,,,,,,,,,,538.45,534.44,532.27,530.47,528.35,526.08,525.84,524.09,521.51,518.51,516.67,
2025-06-07,,,,,,,,,,,,,,,,,,,,,,,,,,,,,,
2025-06-08,,,,,,,,,,,,,,,,,,,,,,,,,,,,,,
2025-06-09,,,,,,,,,,,,,,,,,,,538.45,539.78,537.27,535.21,532.85,530.57,530.34,528.24,525.66,522.76,521.1,
2025-06-10,,,,,,,,,,,,,,,,,,,540.23,544.41,541.83,539.85,537.48,534.97,534.46,532.46,530.05,526.72,524.89,
2025-06-11,,,,,,,,,,,,,,,,,,,564.62,547.85,545.1,543.03,540.59,538.08,537.57,535.31,532.56,529.07,526.48,
2025-06-12,,,,,,,,,,,,,,,,,,,558.34,555.94,553.09,550.86,548.51,545.67,545.15,542.8,539.97,536.66,534.4,
2025-06-13,,,,,,,,,,,,,,,,,,,588.74,576.9,572.04,568.3,564.37,560.42,559.07,555.63,552.21,547.96,544.61,
2025-06-14,,,,,,,,,,,,,,,,,,,,,,,,,,,,,,
2025-06-15,,,,,,,,,,,,,,,,,,,,,,,,,,,,,,
2025-06-16,,,,,,,,,,,,,,,,,,,600.13,569.33,565.26,562.02,558.42,554.79,553.13,550.3,546.87,542.62,539.95,
2025-06-17,,,,,,,,,,,,,,,,,,,601.64,591.5,587.15,583.81,580.29,576.7,575.09,571.83,568.06,563.39,560.48,
2025-06-18,,,,,,,,,,,,,,,,,,,604.33,588.49,584.41,581.08,577.33,573.68,571.96,568.79,564.84,560.17,556.57,
2025-06-19,,,,,,,,,,,,,,,,,,,620.86,613.02,606.97,602.12,597.19,592.13,589.88,585.7,580.93,575.68,571.66,
2025-06-20,,,,,,,,,,,,,,,,,,,607.81,600.02,595.49,591.72,587.55,582.95,581.25,577.4,572.89,567.89,564.13,
2025-06-21,,,,,,,,,,,,,,,,,,,,,,,,,,,,,,
2025-06-22,,,,,,,,,,,,,,,,,,,,,,,,,,,,,,
2025-06-23,,,,,,,,,,,,,,,,,,,624.51,601.87,597.31,593.8,589.86,585.4,583.63,580.23,576.06,570.7,567.3,
2025-06-24,,,,,,,,,,,,,,,,,,,537.22,545.1,543.49,542.51,540.83,538.81,538.82,536.99,534.33,530.84,528.49,
2025-06-25,,,,,,,,,,,,,,,,,,,534.81,543.0,541.06,539.32,537.29,535.02,535.02,533.27,530.77,527.62,525.45,
2025-06-26,,,,,,,,,,,,,,,,,,,533.45,541.34,540.05,538.89,536.95,534.69,534.58,532.92,530.58,527.42,524.83,
2025-06-27,,,,,,,,,,,,,,,,,,,533.64,535.74,534.3,533.05,531.19,528.84,528.74,527.14,524.98,522.07,520.07,
2025-06-28,,,,,,,,,,,,,,,,,,,,,,,,,,,,,,
2025-06-29,,,,,,,,,,,,,,,,,,,,,,,,,,,,,,
2025-06-30,,,,,,,,,,,,,,,,,,,527.95,533.98,532.21,530.38,528.45,526.01,526.09,524.67,522.34,519.18,516.93,
2025-07-01,,,,,,,,,,,,,,,,,,,,538.45,536.67,534.92,532.64,530.13,529.95,528.03,525.44,522.2,519.85,518.18
2025-07-02,,,,,,,,,,,,,,,,,,,,543.7,541.67,539.92,537.39,534.64,534.28,532.02,529.26,525.86,523.26,521.51
2025-07-03,,,,,,,,,,,,,,,,,,,,546.02,544.14,542.04,539.43,536.43,535.71,533.12,530.11,526.27,523.6,521.51
2025-07-04,,,,,,,,,,,,,,,,,,,,546.91,545.46,543.7,541.25,538.84,538.21,535.96,533.2,529.54,526.52,524.33
2025-07-05,,,,,,,,,,,,,,,,,,,,,,,,,,,,,,
2025-07-06,,,,,,,,,,,,,,,,,,,,,,,,,,,,,,
2025-07-07,,,,,,,,,,,,,,,,,,,,553.31,550.34,548.17,545.65,542.66,541.67,539.43,536.42,532.67,529.82,527.64
2025-07-08,,,,,,,,,,,,,,,,,,,,565.51,561.81,559.3,556.52,553.21,552.48,549.71,546.2,541.96,538.94,536.51
2025-07-09,,,,,,,,,,,,,,,,,,,,564.17,561.15,558.53,555.57,552.58,551.84,549.33,546.16,542.25,539.41,537.49
2025-07-10,,,,,,,,,,,,,,,,,,,,553.85,551.19,549.01,546.13,543.37,542.92,540.67,537.84,534.0,531.34,529.26
2025-07-11,,,,,,,,,,,,,,,,,,,,564.08,562.4,560.63,558.09,555.35,554.63,552.12,549.2,545.12,542.27,539.77
2025-07-12,,,,,,,,,,,,,,,,,,,,,,,,,,,,,,
2025-07-13,,,,,,,,,,,,,,,,,,,,,,,,,,,,,,
2025-07-14,,,,,,,,,,,,,,,,,,,,555.81,553.52,551.85,549.3,546.9,546.59,544.34,541.42,537.4,535.08,532.91
2025-07-15,,,,,,,,,,,,,,,,,,,,556.87,555.03,553.72,551.17,548.93,549.06,546.97,544.4,540.4,537.65,535.65
2025-07-16,,,,,,,,,,,,,,,,,,,,550.11,548.13,546.31,543.78,541.36,541.41,539.4,536.74,532.99,530.07,527.9
2025-07-17,,,,,,,,,,,,,,,,,,,,553.4,551.64,550.16,547.97,545.73,545.51,543.5,541.08,537.34,534.83,532.83
2025-07-18,,,,,,,,,,,,,,,,,,,,553.76,552.52,551.29,548.83,546.51,546.7,544.51,542.17,538.77,536.26,534.35
2025-07-19,,,,,,,,,,,,,,,,,,,,,,,,,,,,,,
2025-07-20,,,,,,,,,,,,,,,,,,,,,,,,,,,,,,
2025-07-21,,,,,,,,,,,,,,,,,,,,551.36,550.62,550.14,548.28,546.29,546.5,544.74,542.16,538.48,536.16,534.4
2025-07-22,,,,,,,,,,,,,,,,,,,,542.19,541.7,541.48,539.96,538.31,538.6,536.85,534.59,531.01,528.5,526.41
2025-07-23,,,,,,,,,,,,,,,,,,,,546.28,544.89,544.08,542.64,540.91,541.21,539.44,536.94,533.36,530.94,528.85
