Date,model,actual_next_cash_diff,predicted_next_cash_diff,current_cash_diff,signal,position,actual_change,turnover,strategy_return,cumulative_return,drawdown
2024-09-09,Persistence,-2.75,1.5,1.5,0.0,0.0,-4.25,0.0,-0.0,-0.0,0.0
2024-09-10,Persistence,-1.5,-2.75,-2.75,0.0,0.0,1.25,0.0,0.0,0.0,0.0
2024-09-11,Persistence,3.0,-1.5,-1.5,0.0,0.0,4.5,0.0,0.0,0.0,0.0
2024-09-12,Persistence,3.75,3.0,3.0,0.0,0.0,0.75,0.0,0.0,0.0,0.0
2024-09-13,Persistence,3.75,3.75,3.75,0.0,0.0,0.0,0.0,0.0,0.0,0.0
2024-09-16,Persistence,4.75,3.75,3.75,0.0,0.0,1.0,0.0,0.0,0.0,0.0
2024-09-17,Persistence,5.0,4.75,4.75,0.0,0.0,0.25,0.0,0.0,0.0,0.0
2024-09-18,Persistence,5.0,5.0,5.0,0.0,0.0,0.0,0.0,0.0,0.0,0.0
2024-09-19,Persistence,7.0,5.0,5.0,0.0,0.0,2.0,0.0,0.0,0.0,0.0
2024-09-20,Persistence,3.5,7.0,7.0,0.0,0.0,-3.5,0.0,-0.0,0.0,0.0
2024-09-23,Persistence,3.25,3.5,3.5,0.0,0.0,-0.25,0.0,-0.0,0.0,0.0
2024-09-24,Persistence,3.0,3.25,3.25,0.0,0.0,-0.25,0.0,-0.0,0.0,0.0
2024-09-25,Persistence,3.0,3.0,3.0,0.0,0.0,0.0,0.0,0.0,0.0,0.0
2024-09-26,Persistence,2.75,3.0,3.0,0.0,0.0,-0.25,0.0,-0.0,0.0,0.0
2024-09-27,Persistence,1.25,2.75,2.75,0.0,0.0,-1.5,0.0,-0.0,0.0,0.0
2024-09-30,Persistence,-2.75,1.25,1.25,0.0,0.0,-4.0,0.0,-0.0,0.0,0.0
2024-10-01,Persistence,0.5,-2.75,-2.75,0.0,0.0,3.25,0.0,0.0,0.0,0.0
2024-10-02,Persistence,0.0,0.5,0.5,0.0,0.0,-0.5,0.0,-0.0,0.0,0.0
2024-10-03,Persistence,5.0,0.0,0.0,0.0,0.0,5.0,0.0,0.0,0.0,0.0
2024-10-04,Persistence,3.5,5.0,5.0,0.0,0.0,-1.5,0.0,-0.0,0.0,0.0
2024-10-07,Persistence,1.25,3.5,3.5,0.0,0.0,-2.25,0.0,-0.0,0.0,0.0
2024-10-08,Persistence,1.5,1.25,1.25,0.0,0.0,0.25,0.0,0.0,0.0,0.0
2024-10-09,Persistence,0.5,1.5,1.5,0.0,0.0,-1.0,0.0,-0.0,0.0,0.0
2024-10-10,Persistence,1.0,0.5,0.5,0.0,0.0,0.5,0.0,0.0,0.0,0.0
2024-10-11,Persistence,0.5,1.0,1.0,0.0,0.0,-0.5,0.0,-0.0,0.0,0.0
2024-10-14,Persistence,1.5,0.5,0.5,0.0,0.0,1.0,0.0,0.0,0.0,0.0
2024-10-15,Persistence,-1.25,1.5,1.5,0.0,0.0,-2.75,0.0,-0.0,0.0,0.0
2024-10-16,Persistence,-2.5,-1.25,-1.25,0.0,0.0,-1.25,0.0,-0.0,0.0,0.0
2024-10-17,Persistence,-1.25,-2.5,-2.5,0.0,0.0,1.25,0.0,0.0,0.0,0.0
2024-10-18,Persistence,-0.75,-1.25,-1.25,0.0,0.0,0.5,0.0,0.0,0.0,0.0
2024-10-21,Persistence,-1.0,-0.75,-0.75,0.0,0.0,-0.25,0.0,-0.0,0.0,0.0
2024-10-22,Persistence,1.0,-1.0,-1.0,0.0,0.0,2.0,0.0,0.0,0.0,0.0
2024-10-23,Persistence,3.0,1.0,1.0,0.0,0.0,2.0,0.0,0.0,0.0,0.0
2024-10-24,Persistence,4.5,3.0,3.0,0.0,0.0,1.5,0.0,0.0,0.0,0.0
2024-10-25,Persistence,6.5,4.5,4.5,0.0,0.0,2.0,0.0,0.0,0.0,0.0
2024-10-28,Persistence,7.75,6.5,6.5,0.0,0.0,1.25,0.0,0.0,0.0,0.0
2024-10-29,Persistence,7.75,7.75,7.75,0.0,0.0,0.0,0.0,0.0,0.0,0.0
2024-10-30,Persistence,7.5,7.75,7.75,0.0,0.0,-0.25,0.0,-0.0,0.0,0.0
2024-10-31,Persistence,17.0,7.5,7.5,0.0,0.0,9.5,0.0,0.0,0.0,0.0
2024-11-01,Persistence,14.25,17.0,17.0,0.0,0.0,-2.75,0.0,-0.0,0.0,0.0
2024-11-04,Persistence,11.0,14.25,14.25,0.0,0.0,-3.25,0.0,-0.0,0.0,0.0
2024-11-05,Persistence,8.75,11.0,11.0,0.0,0.0,-2.25,0.0,-0.0,0.0,0.0
2024-11-06,Persistence,7.0,8.75,8.75,0.0,0.0,-1.75,0.0,-0.0,0.0,0.0
2024-11-07,Persistence,7.0,7.0,7.0,0.0,0.0,0.0,0.0,0.0,0.0,0.0
2024-11-08,Persistence,6.5,7.0,7.0,0.0,0.0,-0.5,0.0,-0.0,0.0,0.0
2024-11-11,Persistence,5.75,6.5,6.5,0.0,0.0,-0.75,0.0,-0.0,0.0,0.0
2024-11-12,Persistence,5.5,5.75,5.75,0.0,0.0,-0.25,0.0,-0.0,0.0,0.0
2024-11-13,Persistence,6.0,5.5,5.5,0.0,0.0,0.5,0.0,0.0,0.0,0.0
2024-11-14,Persistence,3.75,6.0,6.0,0.0,0.0,-2.25,0.0,-0.0,0.0,0.0
2024-11-15,Persistence,3.5,3.75,3.75,0.0,0.0,-0.25,0.0,-0.0,0.0,0.0
2024-11-18,Persistence,2.25,3.5,3.5,0.0,0.0,-1.25,0.0,-0.0,0.0,0.0
2024-11-19,Persistence,0.75,2.25,2.25,0.0,0.0,-1.5,0.0,-0.0,0.0,0.0
2024-11-20,Persistence,-1.5,0.75,0.75,0.0,0.0,-2.25,0.0,-0.0,0.0,0.0
2024-11-21,Persistence,-1.5,-1.5,-1.5,0.0,0.0,0.0,0.0,0.0,0.0,0.0
2024-11-22,Persistence,-2.0,-1.5,-1.5,0.0,0.0,-0.5,0.0,-0.0,0.0,0.0
2024-11-25,Persistence,-3.5,-2.0,-2.0,0.0,0.0,-1.5,0.0,-0.0,0.0,0.0
2024-11-26,Persistence,-3.5,-3.5,-3.5,0.0,0.0,0.0,0.0,0.0,0.0,0.0
2024-11-27,Persistence,-3.5,-3.5,-3.5,0.0,0.0,0.0,0.0,0.0,0.0,0.0
2024-11-28,Persistence,-3.75,-3.5,-3.5,0.0,0.0,-0.25,0.0,-0.0,0.0,0.0
2024-11-29,Persistence,-7.5,-3.75,-3.75,0.0,0.0,-3.75,0.0,-0.0,0.0,0.0
2024-12-02,Persistence,-11.0,-7.5,-7.5,0.0,0.0,-3.5,0.0,-0.0,0.0,0.0
2024-12-03,Persistence,-13.25,-11.0,-11.0,0.0,0.0,-2.25,0.0,-0.0,0.0,0.0
2024-12-04,Persistence,-11.25,-13.25,-13.25,0.0,0.0,2.0,0.0,0.0,0.0,0.0
2024-12-05,Persistence,-3.25,-11.25,-11.25,0.0,0.0,8.0,0.0,0.0,0.0,0.0
2024-12-06,Persistence,-4.0,-3.25,-3.25,0.0,0.0,-0.75,0.0,-0.0,0.0,0.0
2024-12-09,Persistence,-5.25,-4.0,-4.0,0.0,0.0,-1.25,0.0,-0.0,0.0,0.0
2024-12-10,Persistence,-5.75,-5.25,-5.25,0.0,0.0,-0.5,0.0,-0.0,0.0,0.0
2024-12-11,Persistence,-6.0,-5.75,-5.75,0.0,0.0,-0.25,0.0,-0.0,0.0,0.0
2024-12-12,Persistence,-6.5,-6.0,-6.0,0.0,0.0,-0.5,0.0,-0.0,0.0,0.0
2024-12-13,Persistence,-6.25,-6.5,-6.5,0.0,0.0,0.25,0.0,0.0,0.0,0.0
2024-12-16,Persistence,-2.0,-6.25,-6.25,0.0,0.0,4.25,0.0,0.0,0.0,0.0
2024-12-17,Persistence,0.5,-2.0,-2.0,0.0,0.0,2.5,0.0,0.0,0.0,0.0
2024-12-18,Persistence,4.0,0.5,0.5,0.0,0.0,3.5,0.0,0.0,0.0,0.0
2024-12-19,Persistence,4.0,4.0,4.0,0.0,0.0,0.0,0.0,0.0,0.0,0.0
2024-12-20,Persistence,4.5,4.0,4.0,0.0,0.0,0.5,0.0,0.0,0.0,0.0
2024-12-23,Persistence,5.5,4.5,4.5,0.0,0.0,1.0,0.0,0.0,0.0,0.0
2024-12-24,Persistence,5.0,5.5,5.5,0.0,0.0,-0.5,0.0,-0.0,0.0,0.0
2024-12-27,Persistence,6.0,5.0,5.0,0.0,0.0,1.0,0.0,0.0,0.0,0.0
2024-12-30,Persistence,5.0,6.0,6.0,0.0,0.0,-1.0,0.0,-0.0,0.0,0.0
2024-12-31,Persistence,14.5,5.0,5.0,0.0,0.0,9.5,0.0,0.0,0.0,0.0
2025-01-02,Persistence,11.25,14.5,14.5,0.0,0.0,-3.25,0.0,-0.0,0.0,0.0
2025-01-03,Persistence,8.25,11.25,11.25,0.0,0.0,-3.0,0.0,-0.0,0.0,0.0
2025-01-06,Persistence,3.25,8.25,8.25,0.0,0.0,-5.0,0.0,-0.0,0.0,0.0
2025-01-07,Persistence,1.25,3.25,3.25,0.0,0.0,-2.0,0.0,-0.0,0.0,0.0
2025-01-08,Persistence,-4.0,1.25,1.25,0.0,0.0,-5.25,0.0,-0.0,0.0,0.0
2025-01-09,Persistence,-5.75,-4.0,-4.0,0.0,0.0,-1.75,0.0,-0.0,0.0,0.0
2025-01-10,Persistence,-3.5,-5.75,-5.75,0.0,0.0,2.25,0.0,0.0,0.0,0.0
2025-01-13,Persistence,-1.25,-3.5,-3.5,0.0,0.0,2.25,0.0,0.0,0.0,0.0
2025-01-14,Persistence,3.0,-1.25,-1.25,0.0,0.0,4.25,0.0,0.0,0.0,0.0
2025-01-15,Persistence,3.25,3.0,3.0,0.0,0.0,0.25,0.0,0.0,0.0,0.0
2025-01-16,Persistence,2.0,3.25,3.25,0.0,0.0,-1.25,0.0,-0.0,0.0,0.0
2025-01-17,Persistence,2.0,2.0,2.0,0.0,0.0,0.0,0.0,0.0,0.0,0.0
2025-01-20,Persistence,2.0,2.0,2.0,0.0,0.0,0.0,0.0,0.0,0.0,0.0
2025-01-21,Persistence,2.75,2.0,2.0,0.0,0.0,0.75,0.0,0.0,0.0,0.0
2025-01-22,Persistence,2.5,2.75,2.75,0.0,0.0,-0.25,0.0,-0.0,0.0,0.0
2025-01-23,Persistence,4.5,2.5,2.5,0.0,0.0,2.0,0.0,0.0,0.0,0.0
2025-01-24,Persistence,2.0,4.5,4.5,0.0,0.0,-2.5,0.0,-0.0,0.0,0.0
2025-01-27,Persistence,1.75,2.0,2.0,0.0,0.0,-0.25,0.0,-0.0,0.0,0.0
2025-01-28,Persistence,3.5,1.75,1.75,0.0,0.0,1.75,0.0,0.0,0.0,0.0
2025-01-29,Persistence,3.5,3.5,3.5,0.0,0.0,0.0,0.0,0.0,0.0,0.0
2025-01-30,Persistence,3.25,3.5,3.5,0.0,0.0,-0.25,0.0,-0.0,0.0,0.0
2025-01-31,Persistence,13.25,3.25,3.25,0.0,0.0,10.0,0.0,0.0,0.0,0.0
2025-02-03,Persistence,13.5,13.25,13.25,0.0,0.0,0.25,0.0,0.0,0.0,0.0
2025-02-04,Persistence,13.25,13.5,13.5,0.0,0.0,-0.25,0.0,-0.0,0.0,0.0
2025-02-05,Persistence,14.0,13.25,13.25,0.0,0.0,0.75,0.0,0.0,0.0,0.0
2025-02-06,Persistence,17.25,14.0,14.0,0.0,0.0,3.25,0.0,0.0,0.0,0.0
2025-02-07,Persistence,14.5,17.25,17.25,0.0,0.0,-2.75,0.0,-0.0,0.0,0.0
2025-02-10,Persistence,15.0,14.5,14.5,0.0,0.0,0.5,0.0,0.0,0.0,0.0
2025-02-11,Persistence,12.25,15.0,15.0,0.0,0.0,-2.75,0.0,-0.0,0.0,0.0
2025-02-12,Persistence,11.5,12.25,12.25,0.0,0.0,-0.75,0.0,-0.0,0.0,0.0
2025-02-13,Persistence,12.25,11.5,11.5,0.0,0.0,0.75,0.0,0.0,0.0,0.0
2025-02-14,Persistence,10.5,12.25,12.25,0.0,0.0,-1.75,0.0,-0.0,0.0,0.0
2025-02-17,Persistence,12.5,10.5,10.5,0.0,0.0,2.0,0.0,0.0,0.0,0.0
2025-02-18,Persistence,13.0,12.5,12.5,0.0,0.0,0.5,0.0,0.0,0.0,0.0
2025-02-19,Persistence,9.25,13.0,13.0,0.0,0.0,-3.75,0.0,-0.0,0.0,0.0
2025-02-20,Persistence,9.0,9.25,9.25,0.0,0.0,-0.25,0.0,-0.0,0.0,0.0
2025-02-21,Persistence,13.0,9.0,9.0,0.0,0.0,4.0,0.0,0.0,0.0,0.0
2025-02-24,Persistence,14.5,13.0,13.0,0.0,0.0,1.5,0.0,0.0,0.0,0.0
2025-02-25,Persistence,16.75,14.5,14.5,0.0,0.0,2.25,0.0,0.0,0.0,0.0
2025-02-26,Persistence,16.25,16.75,16.75,0.0,0.0,-0.5,0.0,-0.0,0.0,0.0
2025-02-27,Persistence,7.25,16.25,16.25,0.0,0.0,-9.0,0.0,-0.0,0.0,0.0
2025-02-28,Persistence,18.75,7.25,7.25,0.0,0.0,11.5,0.0,0.0,0.0,0.0
2025-03-03,Persistence,16.75,18.75,18.75,0.0,0.0,-2.0,0.0,-0.0,0.0,0.0
2025-03-04,Persistence,12.75,16.75,16.75,0.0,0.0,-4.0,0.0,-0.0,0.0,0.0
2025-03-05,Persistence,11.0,12.75,12.75,0.0,0.0,-1.75,0.0,-0.0,0.0,0.0
2025-03-06,Persistence,11.25,11.0,11.0,0.0,0.0,0.25,0.0,0.0,0.0,0.0
2025-03-07,Persistence,10.5,11.25,11.25,0.0,0.0,-0.75,0.0,-0.0,0.0,0.0
2025-03-10,Persistence,11.25,10.5,10.5,0.0,0.0,0.75,0.0,0.0,0.0,0.0
2025-03-11,Persistence,9.75,11.25,11.25,0.0,0.0,-1.5,0.0,-0.0,0.0,0.0
2025-03-12,Persistence,6.25,9.75,9.75,0.0,0.0,-3.5,0.0,-0.0,0.0,0.0
2025-03-13,Persistence,7.0,6.25,6.25,0.0,0.0,0.75,0.0,0.0,0.0,0.0
2025-03-14,Persistence,7.0,7.0,7.0,0.0,0.0,0.0,0.0,0.0,0.0,0.0
2025-03-17,Persistence,6.75,7.0,7.0,0.0,0.0,-0.25,0.0,-0.0,0.0,0.0
2025-03-18,Persistence,6.5,6.75,6.75,0.0,0.0,-0.25,0.0,-0.0,0.0,0.0
2025-03-19,Persistence,6.5,6.5,6.5,0.0,0.0,0.0,0.0,0.0,0.0,0.0
2025-03-20,Persistence,3.75,6.5,6.5,0.0,0.0,-2.75,0.0,-0.0,0.0,0.0
2025-03-21,Persistence,2.5,3.75,3.75,0.0,0.0,-1.25,0.0,-0.0,0.0,0.0
2025-03-24,Persistence,-1.5,2.5,2.5,0.0,0.0,-4.0,0.0,-0.0,0.0,0.0
2025-03-25,Persistence,1.75,-1.5,-1.5,0.0,0.0,3.25,0.0,0.0,0.0,0.0
2025-03-26,Persistence,-0.75,1.75,1.75,0.0,0.0,-2.5,0.0,-0.0,0.0,0.0
2025-03-27,Persistence,1.5,-0.75,-0.75,0.0,0.0,2.25,0.0,0.0,0.0,0.0
2025-03-28,Persistence,0.25,1.5,1.5,0.0,0.0,-1.25,0.0,-0.0,0.0,0.0
2025-03-31,Persistence,1.5,0.25,0.25,0.0,0.0,1.25,0.0,0.0,0.0,0.0
2025-04-01,Persistence,0.5,1.5,1.5,0.0,0.0,-1.0,0.0,-0.0,0.0,0.0
2025-04-02,Persistence,-1.25,0.5,0.5,0.0,0.0,-1.75,0.0,-0.0,0.0,0.0
2025-04-03,Persistence,-1.0,-1.25,-1.25,0.0,0.0,0.25,0.0,0.0,0.0,0.0
2025-04-04,Persistence,-2.0,-1.0,-1.0,0.0,0.0,-1.0,0.0,-0.0,0.0,0.0
2025-04-07,Persistence,-1.75,-2.0,-2.0,0.0,0.0,0.25,0.0,0.0,0.0,0.0
2025-04-08,Persistence,0.5,-1.75,-1.75,0.0,0.0,2.25,0.0,0.0,0.0,0.0
2025-04-09,Persistence,0.0,0.5,0.5,0.0,0.0,-0.5,0.0,-0.0,0.0,0.0
2025-04-10,Persistence,1.0,0.0,0.0,0.0,0.0,1.0,0.0,0.0,0.0,0.0
2025-04-11,Persistence,4.75,1.0,1.0,0.0,0.0,3.75,0.0,0.0,0.0,0.0
2025-04-14,Persistence,4.75,4.75,4.75,0.0,0.0,0.0,0.0,0.0,0.0,0.0
2025-04-15,Persistence,5.0,4.75,4.75,0.0,0.0,0.25,0.0,0.0,0.0,0.0
2025-04-16,Persistence,7.75,5.0,5.0,0.0,0.0,2.75,0.0,0.0,0.0,0.0
2025-04-17,Persistence,6.5,7.75,7.75,0.0,0.0,-1.25,0.0,-0.0,0.0,0.0
2025-04-22,Persistence,6.25,6.5,6.5,0.0,0.0,-0.25,0.0,-0.0,0.0,0.0
2025-04-23,Persistence,6.0,6.25,6.25,0.0,0.0,-0.25,0.0,-0.0,0.0,0.0
2025-04-24,Persistence,5.75,6.0,6.0,0.0,0.0,-0.25,0.0,-0.0,0.0,0.0
2025-04-25,Persistence,5.5,5.75,5.75,0.0,0.0,-0.25,0.0,-0.0,0.0,0.0
2025-04-28,Persistence,7.25,5.5,5.5,0.0,0.0,1.75,0.0,0.0,0.0,0.0
2025-04-29,Persistence,6.75,7.25,7.25,0.0,0.0,-0.5,0.0,-0.0,0.0,0.0
2025-04-30,Persistence,16.25,6.75,6.75,0.0,0.0,9.5,0.0,0.0,0.0,0.0
2025-05-01,Persistence,15.75,16.25,16.25,0.0,0.0,-0.5,0.0,-0.0,0.0,0.0
2025-05-02,Persistence,12.75,15.75,15.75,0.0,0.0,-3.0,0.0,-0.0,0.0,0.0
2025-05-06,Persistence,14.5,12.75,12.75,0.0,0.0,1.75,0.0,0.0,0.0,0.0
2025-05-07,Persistence,16.5,14.5,14.5,0.0,0.0,2.0,0.0,0.0,0.0,0.0
2025-05-08,Persistence,13.0,16.5,16.5,0.0,0.0,-3.5,0.0,-0.0,0.0,0.0
2025-05-09,Persistence,12.0,13.0,13.0,0.0,0.0,-1.0,0.0,-0.0,0.0,0.0
2025-05-12,Persistence,12.0,12.0,12.0,0.0,0.0,0.0,0.0,0.0,0.0,0.0
2025-05-13,Persistence,13.25,12.0,12.0,0.0,0.0,1.25,0.0,0.0,0.0,0.0
2025-05-14,Persistence,11.75,13.25,13.25,0.0,0.0,-1.5,0.0,-0.0,0.0,0.0
2025-05-15,Persistence,13.0,11.75,11.75,0.0,0.0,1.25,0.0,0.0,0.0,0.0
2025-05-16,Persistence,11.25,13.0,13.0,0.0,0.0,-1.75,0.0,-0.0,0.0,0.0
2025-05-19,Persistence,9.75,11.25,11.25,0.0,0.0,-1.5,0.0,-0.0,0.0,0.0
2025-05-20,Persistence,8.5,9.75,9.75,0.0,0.0,-1.25,0.0,-0.0,0.0,0.0
2025-05-21,Persistence,6.25,8.5,8.5,0.0,0.0,-2.25,0.0,-0.0,0.0,0.0
2025-05-22,Persistence,5.25,6.25,6.25,0.0,0.0,-1.0,0.0,-0.0,0.0,0.0
2025-05-23,Persistence,4.5,5.25,5.25,0.0,0.0,-0.75,0.0,-0.0,0.0,0.0
2025-05-27,Persistence,4.25,4.5,4.5,0.0,0.0,-0.25,0.0,-0.0,0.0,0.0
2025-05-28,Persistence,4.0,4.25,4.25,0.0,0.0,-0.25,0.0,-0.0,0.0,0.0
2025-05-29,Persistence,3.75,4.0,4.0,0.0,0.0,-0.25,0.0,-0.0,0.0,0.0
2025-05-30,Persistence,3.5,3.75,3.75,0.0,0.0,-0.25,0.0,-0.0,0.0,0.0
2025-06-02,Persistence,2.0,3.5,3.5,0.0,0.0,-1.5,0.0,-0.0,0.0,0.0
2025-06-03,Persistence,1.0,2.0,2.0,0.0,0.0,-1.0,0.0,-0.0,0.0,0.0
2025-06-04,Persistence,0.25,1.0,1.0,0.0,0.0,-0.75,0.0,-0.0,0.0,0.0
2025-06-05,Persistence,0.75,0.25,0.25,0.0,0.0,0.5,0.0,0.0,0.0,0.0
2025-06-06,Persistence,0.5,0.75,0.75,0.0,0.0,-0.25,0.0,-0.0,0.0,0.0
2025-06-09,Persistence,3.25,0.5,0.5,0.0,0.0,2.75,0.0,0.0,0.0,0.0
2025-06-10,Persistence,4.75,3.25,3.25,0.0,0.0,1.5,0.0,0.0,0.0,0.0
2025-06-11,Persistence,5.25,4.75,4.75,0.0,0.0,0.5,0.0,0.0,0.0,0.0
2025-06-12,Persistence,5.0,5.25,5.25,0.0,0.0,-0.25,0.0,-0.0,0.0,0.0
2025-06-13,Persistence,4.5,5.0,5.0,0.0,0.0,-0.5,0.0,-0.0,0.0,0.0
2025-06-16,Persistence,3.5,4.5,4.5,0.0,0.0,-1.0,0.0,-0.0,0.0,0.0
2025-06-17,Persistence,2.0,3.5,3.5,0.0,0.0,-1.5,0.0,-0.0,0.0,0.0
2025-06-18,Persistence,-0.25,2.0,2.0,0.0,0.0,-2.25,0.0,-0.0,0.0,0.0
2025-06-19,Persistence,-1.0,-0.25,-0.25,0.0,0.0,-0.75,0.0,-0.0,0.0,0.0
2025-06-20,Persistence,-1.5,-1.0,-1.0,0.0,0.0,-0.5,0.0,-0.0,0.0,0.0
2025-06-23,Persistence,-2.75,-1.5,-1.5,0.0,0.0,-1.25,0.0,-0.0,0.0,0.0
2025-06-24,Persistence,-2.75,-2.75,-2.75,0.0,0.0,0.0,0.0,0.0,0.0,0.0
2025-06-25,Persistence,-2.75,-2.75,-2.75,0.0,0.0,0.0,0.0,0.0,0.0,0.0
2025-06-26,Persistence,-2.75,-2.75,-2.75,0.0,0.0,0.0,0.0,0.0,0.0,0.0
2025-06-27,Persistence,-2.75,-2.75,-2.75,0.0,0.0,0.0,0.0,0.0,0.0,0.0
2025-06-30,Persistence,-3.75,-2.75,-2.75,0.0,0.0,-1.0,0.0,-0.0,0.0,0.0
2025-07-01,Persistence,-3.75,-3.75,-3.75,0.0,0.0,0.0,0.0,0.0,0.0,0.0
2025-07-02,Persistence,-4.5,-3.75,-3.75,0.0,0.0,-0.75,0.0,-0.0,0.0,0.0
2025-07-03,Persistence,-4.5,-4.5,-4.5,0.0,0.0,0.0,0.0,0.0,0.0,0.0
2025-07-04,Persistence,-2.75,-4.5,-4.5,0.0,0.0,1.75,0.0,0.0,0.0,0.0
2025-07-07,Persistence,-2.0,-2.75,-2.75,0.0,0.0,0.75,0.0,0.0,0.0,0.0
2025-07-08,Persistence,-2.75,-2.0,-2.0,0.0,0.0,-0.75,0.0,-0.0,0.0,0.0
2025-07-09,Persistence,-3.0,-2.75,-2.75,0.0,0.0,-0.25,0.0,-0.0,0.0,0.0
2025-07-10,Persistence,-3.25,-3.0,-3.0,0.0,0.0,-0.25,0.0,-0.0,0.0,0.0
2025-07-11,Persistence,-3.0,-3.25,-3.25,0.0,0.0,0.25,0.0,0.0,0.0,0.0
2025-07-14,Persistence,-3.25,-3.0,-3.0,0.0,0.0,-0.25,0.0,-0.0,0.0,0.0
2025-07-15,Persistence,-3.0,-3.25,-3.25,0.0,0.0,0.25,0.0,0.0,0.0,0.0
2025-07-16,Persistence,-2.75,-3.0,-3.0,0.0,0.0,0.25,0.0,0.0,0.0,0.0
2025-07-17,Persistence,-3.0,-2.75,-2.75,0.0,0.0,-0.25,0.0,-0.0,0.0,0.0
2025-07-18,Persistence,-3.25,-3.0,-3.0,0.0,0.0,-0.25,0.0,-0.0,0.0,0.0
2025-07-21,Persistence,-3.25,-3.25,-3.25,0.0,0.0,0.0,0.0,0.0,0.0,0.0
2025-07-22,Persistence,-3.0,-3.25,-3.25,0.0,0.0,0.25,0.0,0.0,0.0,0.0
2024-09-09,TrainRollingMean20,-2.75,9.95,1.5,8.45,1.0,-4.25,1.0,-4.25,-4.25,0.0
2024-09-10,TrainRollingMean20,-1.5,9.95,-2.75,12.7,1.0,1.25,0.0,1.25,-3.0,0.0
2024-09-11,TrainRollingMean20,3.0,9.95,-1.5,11.45,1.0,4.5,0.0,4.5,1.5,0.0
2024-09-12,TrainRollingMean20,3.75,9.95,3.0,6.949999999999999,1.0,0.75,0.0,0.75,2.25,0.0
2024-09-13,TrainRollingMean20,3.75,9.95,3.75,6.199999999999999,1.0,0.0,0.0,0.0,2.25,0.0
2024-09-16,TrainRollingMean20,4.75,9.95,3.75,6.199999999999999,1.0,1.0,0.0,1.0,3.25,0.0
2024-09-17,TrainRollingMean20,5.0,9.95,4.75,5.199999999999999,1.0,0.25,0.0,0.25,3.5,0.0
2024-09-18,TrainRollingMean20,5.0,9.95,5.0,4.949999999999999,1.0,0.0,0.0,0.0,3.5,0.0
2024-09-19,TrainRollingMean20,7.0,9.95,5.0,4.949999999999999,1.0,2.0,0.0,2.0,5.5,0.0
2024-09-20,TrainRollingMean20,3.5,9.95,7.0,2.9499999999999993,1.0,-3.5,0.0,-3.5,2.0,-3.5
2024-09-23,TrainRollingMean20,3.25,9.95,3.5,6.449999999999999,1.0,-0.25,0.0,-0.25,1.75,-3.75
2024-09-24,TrainRollingMean20,3.0,9.95,3.25,6.699999999999999,1.0,-0.25,0.0,-0.25,1.5,-4.0
2024-09-25,TrainRollingMean20,3.0,9.95,3.0,6.949999999999999,1.0,0.0,0.0,0.0,1.5,-4.0
2024-09-26,TrainRollingMean20,2.75,9.95,3.0,6.949999999999999,1.0,-0.25,0.0,-0.25,1.25,-4.25
2024-09-27,TrainRollingMean20,1.25,9.95,2.75,7.199999999999999,1.0,-1.5,0.0,-1.5,-0.25,-5.75
2024-09-30,TrainRollingMean20,-2.75,9.95,1.25,8.7,1.0,-4.0,0.0,-4.0,-4.25,-9.75
2024-10-01,TrainRollingMean20,0.5,9.95,-2.75,12.7,1.0,3.25,0.0,3.25,-1.0,-6.5
2024-10-02,TrainRollingMean20,0.0,9.95,0.5,9.45,1.0,-0.5,0.0,-0.5,-1.5,-7.0
2024-10-03,TrainRollingMean20,5.0,9.95,0.0,9.95,1.0,5.0,0.0,5.0,3.5,-2.0
2024-10-04,TrainRollingMean20,3.5,9.95,5.0,4.949999999999999,1.0,-1.5,0.0,-1.5,2.0,-3.5
2024-10-07,TrainRollingMean20,1.25,9.95,3.5,6.449999999999999,1.0,-2.25,0.0,-2.25,-0.25,-5.75
2024-10-08,TrainRollingMean20,1.5,9.95,1.25,8.7,1.0,0.25,0.0,0.25,0.0,-5.5
2024-10-09,TrainRollingMean20,0.5,9.95,1.5,8.45,1.0,-1.0,0.0,-1.0,-1.0,-6.5
2024-10-10,TrainRollingMean20,1.0,9.95,0.5,9.45,1.0,0.5,0.0,0.5,-0.5,-6.0
2024-10-11,TrainRollingMean20,0.5,9.95,1.0,8.95,1.0,-0.5,0.0,-0.5,-1.0,-6.5
2024-10-14,TrainRollingMean20,1.5,9.95,0.5,9.45,1.0,1.0,0.0,1.0,0.0,-5.5
2024-10-15,TrainRollingMean20,-1.25,9.95,1.5,8.45,1.0,-2.75,0.0,-2.75,-2.75,-8.25
2024-10-16,TrainRollingMean20,-2.5,9.95,-1.25,11.2,1.0,-1.25,0.0,-1.25,-4.0,-9.5
2024-10-17,TrainRollingMean20,-1.25,9.95,-2.5,12.45,1.0,1.25,0.0,1.25,-2.75,-8.25
2024-10-18,TrainRollingMean20,-0.75,9.95,-1.25,11.2,1.0,0.5,0.0,0.5,-2.25,-7.75
2024-10-21,TrainRollingMean20,-1.0,9.95,-0.75,10.7,1.0,-0.25,0.0,-0.25,-2.5,-8.0
2024-10-22,TrainRollingMean20,1.0,9.95,-1.0,10.95,1.0,2.0,0.0,2.0,-0.5,-6.0
2024-10-23,TrainRollingMean20,3.0,9.95,1.0,8.95,1.0,2.0,0.0,2.0,1.5,-4.0
2024-10-24,TrainRollingMean20,4.5,9.95,3.0,6.949999999999999,1.0,1.5,0.0,1.5,3.0,-2.5
2024-10-25,TrainRollingMean20,6.5,9.95,4.5,5.449999999999999,1.0,2.0,0.0,2.0,5.0,-0.5
2024-10-28,TrainRollingMean20,7.75,9.95,6.5,3.4499999999999993,1.0,1.25,0.0,1.25,6.25,0.0
2024-10-29,TrainRollingMean20,7.75,9.95,7.75,2.1999999999999993,1.0,0.0,0.0,0.0,6.25,0.0
2024-10-30,TrainRollingMean20,7.5,9.95,7.75,2.1999999999999993,1.0,-0.25,0.0,-0.25,6.0,-0.25
2024-10-31,TrainRollingMean20,17.0,9.95,7.5,2.4499999999999993,1.0,9.5,0.0,9.5,15.5,0.0
2024-11-01,TrainRollingMean20,14.25,9.95,17.0,-7.050000000000001,-1.0,-2.75,2.0,2.75,18.25,0.0
2024-11-04,TrainRollingMean20,11.0,9.95,14.25,-4.300000000000001,-1.0,-3.25,0.0,3.25,21.5,0.0
2024-11-05,TrainRollingMean20,8.75,9.95,11.0,-1.0500000000000007,-1.0,-2.25,0.0,2.25,23.75,0.0
2024-11-06,TrainRollingMean20,7.0,9.95,8.75,1.1999999999999993,1.0,-1.75,2.0,-1.75,22.0,-1.75
2024-11-07,TrainRollingMean20,7.0,9.95,7.0,2.9499999999999993,1.0,0.0,0.0,0.0,22.0,-1.75
2024-11-08,TrainRollingMean20,6.5,9.95,7.0,2.9499999999999993,1.0,-0.5,0.0,-0.5,21.5,-2.25
2024-11-11,TrainRollingMean20,5.75,9.95,6.5,3.4499999999999993,1.0,-0.75,0.0,-0.75,20.75,-3.0
2024-11-12,TrainRollingMean20,5.5,9.95,5.75,4.199999999999999,1.0,-0.25,0.0,-0.25,20.5,-3.25
2024-11-13,TrainRollingMean20,6.0,9.95,5.5,4.449999999999999,1.0,0.5,0.0,0.5,21.0,-2.75
2024-11-14,TrainRollingMean20,3.75,9.95,6.0,3.9499999999999993,1.0,-2.25,0.0,-2.25,18.75,-5.0
2024-11-15,TrainRollingMean20,3.5,9.95,3.75,6.199999999999999,1.0,-0.25,0.0,-0.25,18.5,-5.25
2024-11-18,TrainRollingMean20,2.25,9.95,3.5,6.449999999999999,1.0,-1.25,0.0,-1.25,17.25,-6.5
2024-11-19,TrainRollingMean20,0.75,9.95,2.25,7.699999999999999,1.0,-1.5,0.0,-1.5,15.75,-8.0
2024-11-20,TrainRollingMean20,-1.5,9.95,0.75,9.2,1.0,-2.25,0.0,-2.25,13.5,-10.25
2024-11-21,TrainRollingMean20,-1.5,9.95,-1.5,11.45,1.0,0.0,0.0,0.0,13.5,-10.25
2024-11-22,TrainRollingMean20,-2.0,9.95,-1.5,11.45,1.0,-0.5,0.0,-0.5,13.0,-10.75
2024-11-25,TrainRollingMean20,-3.5,9.95,-2.0,11.95,1.0,-1.5,0.0,-1.5,11.5,-12.25
2024-11-26,TrainRollingMean20,-3.5,9.95,-3.5,13.45,1.0,0.0,0.0,0.0,11.5,-12.25
2024-11-27,TrainRollingMean20,-3.5,9.95,-3.5,13.45,1.0,0.0,0.0,0.0,11.5,-12.25
2024-11-28,TrainRollingMean20,-3.75,9.95,-3.5,13.45,1.0,-0.25,0.0,-0.25,11.25,-12.5
2024-11-29,TrainRollingMean20,-7.5,9.95,-3.75,13.7,1.0,-3.75,0.0,-3.75,7.5,-16.25
2024-12-02,TrainRollingMean20,-11.0,9.95,-7.5,17.45,1.0,-3.5,0.0,-3.5,4.0,-19.75
2024-12-03,TrainRollingMean20,-13.25,9.95,-11.0,20.95,1.0,-2.25,0.0,-2.25,1.75,-22.0
2024-12-04,TrainRollingMean20,-11.25,9.95,-13.25,23.2,1.0,2.0,0.0,2.0,3.75,-20.0
2024-12-05,TrainRollingMean20,-3.25,9.95,-11.25,21.2,1.0,8.0,0.0,8.0,11.75,-12.0
2024-12-06,TrainRollingMean20,-4.0,9.95,-3.25,13.2,1.0,-0.75,0.0,-0.75,11.0,-12.75
2024-12-09,TrainRollingMean20,-5.25,9.95,-4.0,13.95,1.0,-1.25,0.0,-1.25,9.75,-14.0
2024-12-10,TrainRollingMean20,-5.75,9.95,-5.25,15.2,1.0,-0.5,0.0,-0.5,9.25,-14.5
2024-12-11,TrainRollingMean20,-6.0,9.95,-5.75,15.7,1.0,-0.25,0.0,-0.25,9.0,-14.75
2024-12-12,TrainRollingMean20,-6.5,9.95,-6.0,15.95,1.0,-0.5,0.0,-0.5,8.5,-15.25
2024-12-13,TrainRollingMean20,-6.25,9.95,-6.5,16.45,1.0,0.25,0.0,0.25,8.75,-15.0
2024-12-16,TrainRollingMean20,-2.0,9.95,-6.25,16.2,1.0,4.25,0.0,4.25,13.0,-10.75
2024-12-17,TrainRollingMean20,0.5,9.95,-2.0,11.95,1.0,2.5,0.0,2.5,15.5,-8.25
2024-12-18,TrainRollingMean20,4.0,9.95,0.5,9.45,1.0,3.5,0.0,3.5,19.0,-4.75
2024-12-19,TrainRollingMean20,4.0,9.95,4.0,5.949999999999999,1.0,0.0,0.0,0.0,19.0,-4.75
2024-12-20,TrainRollingMean20,4.5,9.95,4.0,5.949999999999999,1.0,0.5,0.0,0.5,19.5,-4.25
2024-12-23,TrainRollingMean20,5.5,9.95,4.5,5.449999999999999,1.0,1.0,0.0,1.0,20.5,-3.25
2024-12-24,TrainRollingMean20,5.0,9.95,5.5,4.449999999999999,1.0,-0.5,0.0,-0.5,20.0,-3.75
2024-12-27,TrainRollingMean20,6.0,9.95,5.0,4.949999999999999,1.0,1.0,0.0,1.0,21.0,-2.75
2024-12-30,TrainRollingMean20,5.0,9.95,6.0,3.9499999999999993,1.0,-1.0,0.0,-1.0,20.0,-3.75
2024-12-31,TrainRollingMean20,14.5,9.95,5.0,4.949999999999999,1.0,9.5,0.0,9.5,29.5,0.0
2025-01-02,TrainRollingMean20,11.25,9.95,14.5,-4.550000000000001,-1.0,-3.25,2.0,3.25,32.75,0.0
2025-01-03,TrainRollingMean20,8.25,9.95,11.25,-1.3000000000000007,-1.0,-3.0,0.0,3.0,35.75,0.0
2025-01-06,TrainRollingMean20,3.25,9.95,8.25,1.6999999999999993,1.0,-5.0,2.0,-5.0,30.75,-5.0
2025-01-07,TrainRollingMean20,1.25,9.95,3.25,6.699999999999999,1.0,-2.0,0.0,-2.0,28.75,-7.0
2025-01-08,TrainRollingMean20,-4.0,9.95,1.25,8.7,1.0,-5.25,0.0,-5.25,23.5,-12.25
2025-01-09,TrainRollingMean20,-5.75,9.95,-4.0,13.95,1.0,-1.75,0.0,-1.75,21.75,-14.0
2025-01-10,TrainRollingMean20,-3.5,9.95,-5.75,15.7,1.0,2.25,0.0,2.25,24.0,-11.75
2025-01-13,TrainRollingMean20,-1.25,9.95,-3.5,13.45,1.0,2.25,0.0,2.25,26.25,-9.5
2025-01-14,TrainRollingMean20,3.0,9.95,-1.25,11.2,1.0,4.25,0.0,4.25,30.5,-5.25
2025-01-15,TrainRollingMean20,3.25,9.95,3.0,6.949999999999999,1.0,0.25,0.0,0.25,30.75,-5.0
2025-01-16,TrainRollingMean20,2.0,9.95,3.25,6.699999999999999,1.0,-1.25,0.0,-1.25,29.5,-6.25
2025-01-17,TrainRollingMean20,2.0,9.95,2.0,7.949999999999999,1.0,0.0,0.0,0.0,29.5,-6.25
2025-01-20,TrainRollingMean20,2.0,9.95,2.0,7.949999999999999,1.0,0.0,0.0,0.0,29.5,-6.25
2025-01-21,TrainRollingMean20,2.75,9.95,2.0,7.949999999999999,1.0,0.75,0.0,0.75,30.25,-5.5
2025-01-22,TrainRollingMean20,2.5,9.95,2.75,7.199999999999999,1.0,-0.25,0.0,-0.25,30.0,-5.75
2025-01-23,TrainRollingMean20,4.5,9.95,2.5,7.449999999999999,1.0,2.0,0.0,2.0,32.0,-3.75
2025-01-24,TrainRollingMean20,2.0,9.95,4.5,5.449999999999999,1.0,-2.5,0.0,-2.5,29.5,-6.25
2025-01-27,TrainRollingMean20,1.75,9.95,2.0,7.949999999999999,1.0,-0.25,0.0,-0.25,29.25,-6.5
2025-01-28,TrainRollingMean20,3.5,9.95,1.75,8.2,1.0,1.75,0.0,1.75,31.0,-4.75
2025-01-29,TrainRollingMean20,3.5,9.95,3.5,6.449999999999999,1.0,0.0,0.0,0.0,31.0,-4.75
2025-01-30,TrainRollingMean20,3.25,9.95,3.5,6.449999999999999,1.0,-0.25,0.0,-0.25,30.75,-5.0
2025-01-31,TrainRollingMean20,13.25,9.95,3.25,6.699999999999999,1.0,10.0,0.0,10.0,40.75,0.0
2025-02-03,TrainRollingMean20,13.5,9.95,13.25,-3.3000000000000007,-1.0,0.25,2.0,-0.25,40.5,-0.25
2025-02-04,TrainRollingMean20,13.25,9.95,13.5,-3.5500000000000007,-1.0,-0.25,0.0,0.25,40.75,0.0
2025-02-05,TrainRollingMean20,14.0,9.95,13.25,-3.3000000000000007,-1.0,0.75,0.0,-0.75,40.0,-0.75
2025-02-06,TrainRollingMean20,17.25,9.95,14.0,-4.050000000000001,-1.0,3.25,0.0,-3.25,36.75,-4.0
2025-02-07,TrainRollingMean20,14.5,9.95,17.25,-7.300000000000001,-1.0,-2.75,0.0,2.75,39.5,-1.25
2025-02-10,TrainRollingMean20,15.0,9.95,14.5,-4.550000000000001,-1.0,0.5,0.0,-0.5,39.0,-1.75
2025-02-11,TrainRollingMean20,12.25,9.95,15.0,-5.050000000000001,-1.0,-2.75,0.0,2.75,41.75,0.0
2025-02-12,TrainRollingMean20,11.5,9.95,12.25,-2.3000000000000007,-1.0,-0.75,0.0,0.75,42.5,0.0
2025-02-13,TrainRollingMean20,12.25,9.95,11.5,-1.5500000000000007,-1.0,0.75,0.0,-0.75,41.75,-0.75
2025-02-14,TrainRollingMean20,10.5,9.95,12.25,-2.3000000000000007,-1.0,-1.75,0.0,1.75,43.5,0.0
2025-02-17,TrainRollingMean20,12.5,9.95,10.5,-0.5500000000000007,-1.0,2.0,0.0,-2.0,41.5,-2.0
2025-02-18,TrainRollingMean20,13.0,9.95,12.5,-2.5500000000000007,-1.0,0.5,0.0,-0.5,41.0,-2.5
2025-02-19,TrainRollingMean20,9.25,9.95,13.0,-3.0500000000000007,-1.0,-3.75,0.0,3.75,44.75,0.0
2025-02-20,TrainRollingMean20,9.0,9.95,9.25,0.6999999999999993,1.0,-0.25,2.0,-0.25,44.5,-0.25
2025-02-21,TrainRollingMean20,13.0,9.95,9.0,0.9499999999999993,1.0,4.0,0.0,4.0,48.5,0.0
2025-02-24,TrainRollingMean20,14.5,9.95,13.0,-3.0500000000000007,-1.0,1.5,2.0,-1.5,47.0,-1.5
2025-02-25,TrainRollingMean20,16.75,9.95,14.5,-4.550000000000001,-1.0,2.25,0.0,-2.25,44.75,-3.75
2025-02-26,TrainRollingMean20,16.25,9.95,16.75,-6.800000000000001,-1.0,-0.5,0.0,0.5,45.25,-3.25
2025-02-27,TrainRollingMean20,7.25,9.95,16.25,-6.300000000000001,-1.0,-9.0,0.0,9.0,54.25,0.0
2025-02-28,TrainRollingMean20,18.75,9.95,7.25,2.6999999999999993,1.0,11.5,2.0,11.5,65.75,0.0
2025-03-03,TrainRollingMean20,16.75,9.95,18.75,-8.8,-1.0,-2.0,2.0,2.0,67.75,0.0
2025-03-04,TrainRollingMean20,12.75,9.95,16.75,-6.800000000000001,-1.0,-4.0,0.0,4.0,71.75,0.0
2025-03-05,TrainRollingMean20,11.0,9.95,12.75,-2.8000000000000007,-1.0,-1.75,0.0,1.75,73.5,0.0
2025-03-06,TrainRollingMean20,11.25,9.95,11.0,-1.0500000000000007,-1.0,0.25,0.0,-0.25,73.25,-0.25
2025-03-07,TrainRollingMean20,10.5,9.95,11.25,-1.3000000000000007,-1.0,-0.75,0.0,0.75,74.0,0.0
2025-03-10,TrainRollingMean20,11.25,9.95,10.5,-0.5500000000000007,-1.0,0.75,0.0,-0.75,73.25,-0.75
2025-03-11,TrainRollingMean20,9.75,9.95,11.25,-1.3000000000000007,-1.0,-1.5,0.0,1.5,74.75,0.0
2025-03-12,TrainRollingMean20,6.25,9.95,9.75,0.1999999999999993,0.0,-3.5,1.0,-0.0,74.75,0.0
2025-03-13,TrainRollingMean20,7.0,9.95,6.25,3.6999999999999993,1.0,0.75,1.0,0.75,75.5,0.0
2025-03-14,TrainRollingMean20,7.0,9.95,7.0,2.9499999999999993,1.0,0.0,0.0,0.0,75.5,0.0
2025-03-17,TrainRollingMean20,6.75,9.95,7.0,2.9499999999999993,1.0,-0.25,0.0,-0.25,75.25,-0.25
2025-03-18,TrainRollingMean20,6.5,9.95,6.75,3.1999999999999993,1.0,-0.25,0.0,-0.25,75.0,-0.5
2025-03-19,TrainRollingMean20,6.5,9.95,6.5,3.4499999999999993,1.0,0.0,0.0,0.0,75.0,-0.5
2025-03-20,TrainRollingMean20,3.75,9.95,6.5,3.4499999999999993,1.0,-2.75,0.0,-2.75,72.25,-3.25
2025-03-21,TrainRollingMean20,2.5,9.95,3.75,6.199999999999999,1.0,-1.25,0.0,-1.25,71.0,-4.5
2025-03-24,TrainRollingMean20,-1.5,9.95,2.5,7.449999999999999,1.0,-4.0,0.0,-4.0,67.0,-8.5
2025-03-25,TrainRollingMean20,1.75,9.95,-1.5,11.45,1.0,3.25,0.0,3.25,70.25,-5.25
2025-03-26,TrainRollingMean20,-0.75,9.95,1.75,8.2,1.0,-2.5,0.0,-2.5,67.75,-7.75
2025-03-27,TrainRollingMean20,1.5,9.95,-0.75,10.7,1.0,2.25,0.0,2.25,70.0,-5.5
2025-03-28,TrainRollingMean20,0.25,9.95,1.5,8.45,1.0,-1.25,0.0,-1.25,68.75,-6.75
2025-03-31,TrainRollingMean20,1.5,9.95,0.25,9.7,1.0,1.25,0.0,1.25,70.0,-5.5
2025-04-01,TrainRollingMean20,0.5,9.95,1.5,8.45,1.0,-1.0,0.0,-1.0,69.0,-6.5
2025-04-02,TrainRollingMean20,-1.25,9.95,0.5,9.45,1.0,-1.75,0.0,-1.75,67.25,-8.25
2025-04-03,TrainRollingMean20,-1.0,9.95,-1.25,11.2,1.0,0.25,0.0,0.25,67.5,-8.0
2025-04-04,TrainRollingMean20,-2.0,9.95,-1.0,10.95,1.0,-1.0,0.0,-1.0,66.5,-9.0
2025-04-07,TrainRollingMean20,-1.75,9.95,-2.0,11.95,1.0,0.25,0.0,0.25,66.75,-8.75
2025-04-08,TrainRollingMean20,0.5,9.95,-1.75,11.7,1.0,2.25,0.0,2.25,69.0,-6.5
2025-04-09,TrainRollingMean20,0.0,9.95,0.5,9.45,1.0,-0.5,0.0,-0.5,68.5,-7.0
2025-04-10,TrainRollingMean20,1.0,9.95,0.0,9.95,1.0,1.0,0.0,1.0,69.5,-6.0
2025-04-11,TrainRollingMean20,4.75,9.95,1.0,8.95,1.0,3.75,0.0,3.75,73.25,-2.25
2025-04-14,TrainRollingMean20,4.75,9.95,4.75,5.199999999999999,1.0,0.0,0.0,0.0,73.25,-2.25
2025-04-15,TrainRollingMean20,5.0,9.95,4.75,5.199999999999999,1.0,0.25,0.0,0.25,73.5,-2.0
2025-04-16,TrainRollingMean20,7.75,9.95,5.0,4.949999999999999,1.0,2.75,0.0,2.75,76.25,0.0
2025-04-17,TrainRollingMean20,6.5,9.95,7.75,2.1999999999999993,1.0,-1.25,0.0,-1.25,75.0,-1.25
2025-04-22,TrainRollingMean20,6.25,9.95,6.5,3.4499999999999993,1.0,-0.25,0.0,-0.25,74.75,-1.5
2025-04-23,TrainRollingMean20,6.0,9.95,6.25,3.6999999999999993,1.0,-0.25,0.0,-0.25,74.5,-1.75
2025-04-24,TrainRollingMean20,5.75,9.95,6.0,3.9499999999999993,1.0,-0.25,0.0,-0.25,74.25,-2.0
2025-04-25,TrainRollingMean20,5.5,9.95,5.75,4.199999999999999,1.0,-0.25,0.0,-0.25,74.0,-2.25
2025-04-28,TrainRollingMean20,7.25,9.95,5.5,4.449999999999999,1.0,1.75,0.0,1.75,75.75,-0.5
2025-04-29,TrainRollingMean20,6.75,9.95,7.25,2.6999999999999993,1.0,-0.5,0.0,-0.5,75.25,-1.0
2025-04-30,TrainRollingMean20,16.25,9.95,6.75,3.1999999999999993,1.0,9.5,0.0,9.5,84.75,0.0
2025-05-01,TrainRollingMean20,15.75,9.95,16.25,-6.300000000000001,-1.0,-0.5,2.0,0.5,85.25,0.0
2025-05-02,TrainRollingMean20,12.75,9.95,15.75,-5.800000000000001,-1.0,-3.0,0.0,3.0,88.25,0.0
2025-05-06,TrainRollingMean20,14.5,9.95,12.75,-2.8000000000000007,-1.0,1.75,0.0,-1.75,86.5,-1.75
2025-05-07,TrainRollingMean20,16.5,9.95,14.5,-4.550000000000001,-1.0,2.0,0.0,-2.0,84.5,-3.75
2025-05-08,TrainRollingMean20,13.0,9.95,16.5,-6.550000000000001,-1.0,-3.5,0.0,3.5,88.0,-0.25
2025-05-09,TrainRollingMean20,12.0,9.95,13.0,-3.0500000000000007,-1.0,-1.0,0.0,1.0,89.0,0.0
2025-05-12,TrainRollingMean20,12.0,9.95,12.0,-2.0500000000000007,-1.0,0.0,0.0,-0.0,89.0,0.0
2025-05-13,TrainRollingMean20,13.25,9.95,12.0,-2.0500000000000007,-1.0,1.25,0.0,-1.25,87.75,-1.25
2025-05-14,TrainRollingMean20,11.75,9.95,13.25,-3.3000000000000007,-1.0,-1.5,0.0,1.5,89.25,0.0
2025-05-15,TrainRollingMean20,13.0,9.95,11.75,-1.8000000000000007,-1.0,1.25,0.0,-1.25,88.0,-1.25
2025-05-16,TrainRollingMean20,11.25,9.95,13.0,-3.0500000000000007,-1.0,-1.75,0.0,1.75,89.75,0.0
2025-05-19,TrainRollingMean20,9.75,9.95,11.25,-1.3000000000000007,-1.0,-1.5,0.0,1.5,91.25,0.0
2025-05-20,TrainRollingMean20,8.5,9.95,9.75,0.1999999999999993,0.0,-1.25,1.0,-0.0,91.25,0.0
2025-05-21,TrainRollingMean20,6.25,9.95,8.5,1.4499999999999993,1.0,-2.25,1.0,-2.25,89.0,-2.25
2025-05-22,TrainRollingMean20,5.25,9.95,6.25,3.6999999999999993,1.0,-1.0,0.0,-1.0,88.0,-3.25
2025-05-23,TrainRollingMean20,4.5,9.95,5.25,4.699999999999999,1.0,-0.75,0.0,-0.75,87.25,-4.0
2025-05-27,TrainRollingMean20,4.25,9.95,4.5,5.449999999999999,1.0,-0.25,0.0,-0.25,87.0,-4.25
2025-05-28,TrainRollingMean20,4.0,9.95,4.25,5.699999999999999,1.0,-0.25,0.0,-0.25,86.75,-4.5
2025-05-29,TrainRollingMean20,3.75,9.95,4.0,5.949999999999999,1.0,-0.25,0.0,-0.25,86.5,-4.75
2025-05-30,TrainRollingMean20,3.5,9.95,3.75,6.199999999999999,1.0,-0.25,0.0,-0.25,86.25,-5.0
2025-06-02,TrainRollingMean20,2.0,9.95,3.5,6.449999999999999,1.0,-1.5,0.0,-1.5,84.75,-6.5
2025-06-03,TrainRollingMean20,1.0,9.95,2.0,7.949999999999999,1.0,-1.0,0.0,-1.0,83.75,-7.5
2025-06-04,TrainRollingMean20,0.25,9.95,1.0,8.95,1.0,-0.75,0.0,-0.75,83.0,-8.25
2025-06-05,TrainRollingMean20,0.75,9.95,0.25,9.7,1.0,0.5,0.0,0.5,83.5,-7.75
2025-06-06,TrainRollingMean20,0.5,9.95,0.75,9.2,1.0,-0.25,0.0,-0.25,83.25,-8.0
2025-06-09,TrainRollingMean20,3.25,9.95,0.5,9.45,1.0,2.75,0.0,2.75,86.0,-5.25
2025-06-10,TrainRollingMean20,4.75,9.95,3.25,6.699999999999999,1.0,1.5,0.0,1.5,87.5,-3.75
2025-06-11,TrainRollingMean20,5.25,9.95,4.75,5.199999999999999,1.0,0.5,0.0,0.5,88.0,-3.25
2025-06-12,TrainRollingMean20,5.0,9.95,5.25,4.699999999999999,1.0,-0.25,0.0,-0.25,87.75,-3.5
2025-06-13,TrainRollingMean20,4.5,9.95,5.0,4.949999999999999,1.0,-0.5,0.0,-0.5,87.25,-4.0
2025-06-16,TrainRollingMean20,3.5,9.95,4.5,5.449999999999999,1.0,-1.0,0.0,-1.0,86.25,-5.0
2025-06-17,TrainRollingMean20,2.0,9.95,3.5,6.449999999999999,1.0,-1.5,0.0,-1.5,84.75,-6.5
2025-06-18,TrainRollingMean20,-0.25,9.95,2.0,7.949999999999999,1.0,-2.25,0.0,-2.25,82.5,-8.75
2025-06-19,TrainRollingMean20,-1.0,9.95,-0.25,10.2,1.0,-0.75,0.0,-0.75,81.75,-9.5
2025-06-20,TrainRollingMean20,-1.5,9.95,-1.0,10.95,1.0,-0.5,0.0,-0.5,81.25,-10.0
2025-06-23,TrainRollingMean20,-2.75,9.95,-1.5,11.45,1.0,-1.25,0.0,-1.25,80.0,-11.25
2025-06-24,TrainRollingMean20,-2.75,9.95,-2.75,12.7,1.0,0.0,0.0,0.0,80.0,-11.25
2025-06-25,TrainRollingMean20,-2.75,9.95,-2.75,12.7,1.0,0.0,0.0,0.0,80.0,-11.25
2025-06-26,TrainRollingMean20,-2.75,9.95,-2.75,12.7,1.0,0.0,0.0,0.0,80.0,-11.25
2025-06-27,TrainRollingMean20,-2.75,9.95,-2.75,12.7,1.0,0.0,0.0,0.0,80.0,-11.25
2025-06-30,TrainRollingMean20,-3.75,9.95,-2.75,12.7,1.0,-1.0,0.0,-1.0,79.0,-12.25
2025-07-01,TrainRollingMean20,-3.75,9.95,-3.75,13.7,1.0,0.0,0.0,0.0,79.0,-12.25
2025-07-02,TrainRollingMean20,-4.5,9.95,-3.75,13.7,1.0,-0.75,0.0,-0.75,78.25,-13.0
2025-07-03,TrainRollingMean20,-4.5,9.95,-4.5,14.45,1.0,0.0,0.0,0.0,78.25,-13.0
2025-07-04,TrainRollingMean20,-2.75,9.95,-4.5,14.45,1.0,1.75,0.0,1.75,80.0,-11.25
2025-07-07,TrainRollingMean20,-2.0,9.95,-2.75,12.7,1.0,0.75,0.0,0.75,80.75,-10.5
2025-07-08,TrainRollingMean20,-2.75,9.95,-2.0,11.95,1.0,-0.75,0.0,-0.75,80.0,-11.25
2025-07-09,TrainRollingMean20,-3.0,9.95,-2.75,12.7,1.0,-0.25,0.0,-0.25,79.75,-11.5
2025-07-10,TrainRollingMean20,-3.25,9.95,-3.0,12.95,1.0,-0.25,0.0,-0.25,79.5,-11.75
2025-07-11,TrainRollingMean20,-3.0,9.95,-3.25,13.2,1.0,0.25,0.0,0.25,79.75,-11.5
2025-07-14,TrainRollingMean20,-3.25,9.95,-3.0,12.95,1.0,-0.25,0.0,-0.25,79.5,-11.75
2025-07-15,TrainRollingMean20,-3.0,9.95,-3.25,13.2,1.0,0.25,0.0,0.25,79.75,-11.5
2025-07-16,TrainRollingMean20,-2.75,9.95,-3.0,12.95,1.0,0.25,0.0,0.25,80.0,-11.25
2025-07-17,TrainRollingMean20,-3.0,9.95,-2.75,12.7,1.0,-0.25,0.0,-0.25,79.75,-11.5
2025-07-18,TrainRollingMean20,-3.25,9.95,-3.0,12.95,1.0,-0.25,0.0,-0.25,79.5,-11.75
2025-07-21,TrainRollingMean20,-3.25,9.95,-3.25,13.2,1.0,0.0,0.0,0.0,79.5,-11.75
2025-07-22,TrainRollingMean20,-3.0,9.95,-3.25,13.2,1.0,0.25,0.0,0.25,79.75,-11.5
2024-09-09,Ridge,-2.75,0.6297977604879659,1.5,-0.8702022395120341,-1.0,-4.25,1.0,4.25,4.25,0.0
2024-09-10,Ridge,-1.5,-4.091950941258514,-2.75,-1.3419509412585144,-1.0,1.25,0.0,-1.25,3.0,-1.25
2024-09-11,Ridge,3.0,-1.137666586989985,-1.5,0.3623334130100151,0.0,4.5,1.0,0.0,3.0,-1.25
2024-09-12,Ridge,3.75,3.117261729376466,3.0,0.11726172937646595,0.0,0.75,0.0,0.0,3.0,-1.25
2024-09-13,Ridge,3.75,3.5211186082586274,3.75,-0.22888139174137256,0.0,0.0,0.0,0.0,3.0,-1.25
2024-09-16,Ridge,4.75,2.979961080293121,3.75,-0.7700389197068791,-1.0,1.0,1.0,-1.0,2.0,-2.25
2024-09-17,Ridge,5.0,3.996904345675973,4.75,-0.753095654324027,-1.0,0.25,0.0,-0.25,1.75,-2.5
2024-09-18,Ridge,5.0,5.313341658278499,5.0,0.3133416582784987,0.0,0.0,1.0,0.0,1.75,-2.5
2024-09-19,Ridge,7.0,6.606507679356934,5.0,1.606507679356934,1.0,2.0,1.0,2.0,3.75,-0.5
2024-09-20,Ridge,3.5,6.366970002987928,7.0,-0.6330299970120716,-1.0,-3.5,2.0,3.5,7.25,0.0
2024-09-23,Ridge,3.25,0.9288778272088978,3.5,-2.5711221727911022,-1.0,-0.25,0.0,0.25,7.5,0.0
2024-09-24,Ridge,3.0,1.7279056591188464,3.25,-1.5220943408811536,-1.0,-0.25,0.0,0.25,7.75,0.0
2024-09-25,Ridge,3.0,1.694732063688936,3.0,-1.305267936311064,-1.0,0.0,0.0,-0.0,7.75,0.0
2024-09-26,Ridge,2.75,3.408978557287093,3.0,0.4089785572870932,0.0,-0.25,1.0,-0.0,7.75,0.0
2024-09-27,Ridge,1.25,3.5121205340647625,2.75,0.7621205340647625,1.0,-1.5,1.0,-1.5,6.25,-1.5
2024-09-30,Ridge,-2.75,0.7171752348372147,1.25,-0.5328247651627853,-1.0,-4.0,2.0,4.0,10.25,0.0
2024-10-01,Ridge,0.5,-1.243132965838619,-2.75,1.506867034161381,1.0,3.25,2.0,3.25,13.5,0.0
2024-10-02,Ridge,0.0,1.7759668300404017,0.5,1.2759668300404017,1.0,-0.5,0.0,-0.5,13.0,-0.5
2024-10-03,Ridge,5.0,4.226873309085309,0.0,4.226873309085309,1.0,5.0,0.0,5.0,18.0,0.0
2024-10-04,Ridge,3.5,5.33562487945706,5.0,0.3356248794570602,0.0,-1.5,1.0,-0.0,18.0,0.0
2024-10-07,Ridge,1.25,3.479524441964772,3.5,-0.020475558035228048,0.0,-2.25,0.0,-0.0,18.0,0.0
2024-10-08,Ridge,1.5,1.8750746803487535,1.25,0.6250746803487535,1.0,0.25,1.0,0.25,18.25,0.0
2024-10-09,Ridge,0.5,2.1338766468073986,1.5,0.6338766468073986,1.0,-1.0,0.0,-1.0,17.25,-1.0
2024-10-10,Ridge,1.0,0.5663713251888476,0.5,0.06637132518884759,0.0,0.5,1.0,0.0,17.25,-1.0
2024-10-11,Ridge,0.5,2.9150046844230486,1.0,1.9150046844230486,1.0,-0.5,1.0,-0.5,16.75,-1.5
2024-10-14,Ridge,1.5,2.6024312047266824,0.5,2.1024312047266824,1.0,1.0,0.0,1.0,17.75,-0.5
2024-10-15,Ridge,-1.25,3.038548676428474,1.5,1.5385486764284741,1.0,-2.75,0.0,-2.75,15.0,-3.25
2024-10-16,Ridge,-2.5,-0.16655740232726313,-1.25,1.0834425976727369,1.0,-1.25,0.0,-1.25,13.75,-4.5
2024-10-17,Ridge,-1.25,-1.7619668543069498,-2.5,0.7380331456930502,1.0,1.25,0.0,1.25,15.0,-3.25
2024-10-18,Ridge,-0.75,-0.16581343744248223,-1.25,1.0841865625575178,1.0,0.5,0.0,0.5,15.5,-2.75
2024-10-21,Ridge,-1.0,0.8546271516302228,-0.75,1.6046271516302228,1.0,-0.25,0.0,-0.25,15.25,-3.0
2024-10-22,Ridge,1.0,0.18224272866901448,-1.0,1.1822427286690145,1.0,2.0,0.0,2.0,17.25,-1.0
2024-10-23,Ridge,3.0,1.5385486098770387,1.0,0.5385486098770387,1.0,2.0,0.0,2.0,19.25,0.0
2024-10-24,Ridge,4.5,2.9288459827916435,3.0,-0.07115401720835646,0.0,1.5,1.0,0.0,19.25,0.0
2024-10-25,Ridge,6.5,5.750552087325538,4.5,1.2505520873255378,1.0,2.0,1.0,2.0,21.25,0.0
2024-10-28,Ridge,7.75,6.55471147383575,6.5,0.05471147383575037,0.0,1.25,1.0,0.0,21.25,0.0
2024-10-29,Ridge,7.75,7.519152876271813,7.75,-0.2308471237281866,0.0,0.0,0.0,0.0,21.25,0.0
2024-10-30,Ridge,7.5,7.736169850630389,7.75,-0.013830149369611355,0.0,-0.25,0.0,-0.0,21.25,0.0
2024-10-31,Ridge,17.0,6.985265199228062,7.5,-0.5147348007719383,-1.0,9.5,1.0,-9.5,11.75,-9.5
2024-11-01,Ridge,14.25,15.511664681831636,17.0,-1.4883353181683638,-1.0,-2.75,0.0,2.75,14.5,-6.75
2024-11-04,Ridge,11.0,12.76201663188293,14.25,-1.4879833681170709,-1.0,-3.25,0.0,3.25,17.75,-3.5
2024-11-05,Ridge,8.75,11.945882824741318,11.0,0.945882824741318,1.0,-2.25,2.0,-2.25,15.5,-5.75
2024-11-06,Ridge,7.0,8.246680493407712,8.75,-0.5033195065922875,-1.0,-1.75,2.0,1.75,17.25,-4.0
2024-11-07,Ridge,7.0,6.928987262683066,7.0,-0.07101273731693425,0.0,0.0,1.0,0.0,17.25,-4.0
2024-11-08,Ridge,6.5,7.536698289612463,7.0,0.5366982896124632,1.0,-0.5,1.0,-0.5,16.75,-4.5
2024-11-11,Ridge,5.75,6.888985576920769,6.5,0.38898557692076885,0.0,-0.75,1.0,-0.0,16.75,-4.5
2024-11-12,Ridge,5.5,6.228718790182124,5.75,0.47871879018212393,0.0,-0.25,0.0,-0.0,16.75,-4.5
2024-11-13,Ridge,6.0,7.163277513332682,5.5,1.663277513332682,1.0,0.5,1.0,0.5,17.25,-4.0
2024-11-14,Ridge,3.75,8.166036736782281,6.0,2.1660367367822815,1.0,-2.25,0.0,-2.25,15.0,-6.25
2024-11-15,Ridge,3.5,6.284425454501463,3.75,2.534425454501463,1.0,-0.25,0.0,-0.25,14.75,-6.5
2024-11-18,Ridge,2.25,6.979950224505071,3.5,3.479950224505071,1.0,-1.25,0.0,-1.25,13.5,-7.75
2024-11-19,Ridge,0.75,5.177273271446665,2.25,2.9272732714466647,1.0,-1.5,0.0,-1.5,12.0,-9.25
2024-11-20,Ridge,-1.5,3.238150504507887,0.75,2.488150504507887,1.0,-2.25,0.0,-2.25,9.75,-11.5
2024-11-21,Ridge,-1.5,0.24184695151495905,-1.5,1.741846951514959,1.0,0.0,0.0,0.0,9.75,-11.5
2024-11-22,Ridge,-2.0,0.9234348024364607,-1.5,2.4234348024364607,1.0,-0.5,0.0,-0.5,9.25,-12.0
2024-11-25,Ridge,-3.5,1.7453812942633173,-2.0,3.7453812942633173,1.0,-1.5,0.0,-1.5,7.75,-13.5
2024-11-26,Ridge,-3.5,-0.9719079103556396,-3.5,2.5280920896443604,1.0,0.0,0.0,0.0,7.75,-13.5
2024-11-27,Ridge,-3.5,-0.9792479448741283,-3.5,2.5207520551258717,1.0,0.0,0.0,0.0,7.75,-13.5
2024-11-28,Ridge,-3.75,-2.836487264977257,-3.5,0.663512735022743,1.0,-0.25,0.0,-0.25,7.5,-13.75
2024-11-29,Ridge,-7.5,-2.8117507476362062,-3.75,0.9382492523637938,1.0,-3.75,0.0,-3.75,3.75,-17.5
2024-12-02,Ridge,-11.0,-5.5429141340879715,-7.5,1.9570858659120285,1.0,-3.5,0.0,-3.5,0.25,-21.0
2024-12-03,Ridge,-13.25,-9.84328990724947,-11.0,1.1567100927505294,1.0,-2.25,0.0,-2.25,-2.0,-23.25
2024-12-04,Ridge,-11.25,-11.394378768073675,-13.25,1.8556212319263246,1.0,2.0,0.0,2.0,0.0,-21.25
2024-12-05,Ridge,-3.25,-9.535740965082685,-11.25,1.7142590349173155,1.0,8.0,0.0,8.0,8.0,-13.25
2024-12-06,Ridge,-4.0,-1.9902640652807193,-3.25,1.2597359347192807,1.0,-0.75,0.0,-0.75,7.25,-14.0
2024-12-09,Ridge,-5.25,-3.614500411362976,-4.0,0.3854995886370238,0.0,-1.25,1.0,-0.0,7.25,-14.0
2024-12-10,Ridge,-5.75,-5.229610257714973,-5.25,0.02038974228502699,0.0,-0.5,0.0,-0.0,7.25,-14.0
2024-12-11,Ridge,-6.0,-4.4126553722478254,-5.75,1.3373446277521746,1.0,-0.25,1.0,-0.25,7.0,-14.25
2024-12-12,Ridge,-6.5,-3.152155612424006,-6.0,2.847844387575994,1.0,-0.5,0.0,-0.5,6.5,-14.75
2024-12-13,Ridge,-6.25,-4.551862606886899,-6.5,1.9481373931131012,1.0,0.25,0.0,0.25,6.75,-14.5
2024-12-16,Ridge,-2.0,-5.748918442678796,-6.25,0.5010815573212044,1.0,4.25,0.0,4.25,11.0,-10.25
2024-12-17,Ridge,0.5,-1.0307240408819602,-2.0,0.9692759591180398,1.0,2.5,0.0,2.5,13.5,-7.75
2024-12-18,Ridge,4.0,1.5669467584931551,0.5,1.0669467584931551,1.0,3.5,0.0,3.5,17.0,-4.25
2024-12-19,Ridge,4.0,6.226277532805035,4.0,2.2262775328050353,1.0,0.0,0.0,0.0,17.0,-4.25
2024-12-20,Ridge,4.5,5.643210627735988,4.0,1.6432106277359884,1.0,0.5,0.0,0.5,17.5,-3.75
2024-12-23,Ridge,5.5,5.972272867710049,4.5,1.472272867710049,1.0,1.0,0.0,1.0,18.5,-2.75
2024-12-24,Ridge,5.0,7.0431879749303965,5.5,1.5431879749303965,1.0,-0.5,0.0,-0.5,18.0,-3.25
2024-12-27,Ridge,6.0,6.045924572743436,5.0,1.045924572743436,1.0,1.0,0.0,1.0,19.0,-2.25
2024-12-30,Ridge,5.0,6.978047324348596,6.0,0.9780473243485961,1.0,-1.0,0.0,-1.0,18.0,-3.25
2024-12-31,Ridge,14.5,5.842258545236155,5.0,0.8422585452361551,1.0,9.5,0.0,9.5,27.5,0.0
2025-01-02,Ridge,11.25,15.298808231019525,14.5,0.7988082310195246,1.0,-3.25,0.0,-3.25,24.25,-3.25
2025-01-03,Ridge,8.25,12.94402327559147,11.25,1.6940232755914693,1.0,-3.0,0.0,-3.0,21.25,-6.25
2025-01-06,Ridge,3.25,10.438009756325723,8.25,2.188009756325723,1.0,-5.0,0.0,-5.0,16.25,-11.25
2025-01-07,Ridge,1.25,2.2807619454220163,3.25,-0.9692380545779837,-1.0,-2.0,2.0,2.0,18.25,-9.25
2025-01-08,Ridge,-4.0,3.3075305217795967,1.25,2.0575305217795967,1.0,-5.25,2.0,-5.25,13.0,-14.5
2025-01-09,Ridge,-5.75,-3.8037211252957475,-4.0,0.19627887470425254,0.0,-1.75,1.0,-0.0,13.0,-14.5
2025-01-10,Ridge,-3.5,-5.51597374471793,-5.75,0.23402625528207022,0.0,2.25,0.0,0.0,13.0,-14.5
2025-01-13,Ridge,-1.25,-2.0092248189195265,-3.5,1.4907751810804735,1.0,2.25,1.0,2.25,15.25,-12.25
2025-01-14,Ridge,3.0,1.0657911105118112,-1.25,2.315791110511811,1.0,4.25,0.0,4.25,19.5,-8.0
2025-01-15,Ridge,3.25,4.434843352018888,3.0,1.4348433520188877,1.0,0.25,0.0,0.25,19.75,-7.75
2025-01-16,Ridge,2.0,3.0328997255825274,3.25,-0.2171002744174726,0.0,-1.25,1.0,-0.0,19.75,-7.75
2025-01-17,Ridge,2.0,2.829267071369408,2.0,0.8292670713694079,1.0,0.0,1.0,0.0,19.75,-7.75
2025-01-20,Ridge,2.0,4.0419862166137115,2.0,2.0419862166137115,1.0,0.0,0.0,0.0,19.75,-7.75
2025-01-21,Ridge,2.75,1.9357576401584957,2.0,-0.06424235984150428,0.0,0.75,1.0,0.0,19.75,-7.75
2025-01-22,Ridge,2.5,4.460713531933994,2.75,1.710713531933994,1.0,-0.25,1.0,-0.25,19.5,-8.0
2025-01-23,Ridge,4.5,4.530974054231434,2.5,2.030974054231434,1.0,2.0,0.0,2.0,21.5,-6.0
2025-01-24,Ridge,2.0,6.485203418959108,4.5,1.9852034189591077,1.0,-2.5,0.0,-2.5,19.0,-8.5
2025-01-27,Ridge,1.75,3.026423757580335,2.0,1.0264237575803352,1.0,-0.25,0.0,-0.25,18.75,-8.75
2025-01-28,Ridge,3.5,4.556900135418136,1.75,2.806900135418136,1.0,1.75,0.0,1.75,20.5,-7.0
2025-01-29,Ridge,3.5,5.205876890522332,3.5,1.7058768905223323,1.0,0.0,0.0,0.0,20.5,-7.0
2025-01-30,Ridge,3.25,5.821803050207763,3.5,2.3218030502077633,1.0,-0.25,0.0,-0.25,20.25,-7.25
2025-01-31,Ridge,13.25,5.10153743372847,3.25,1.8515374337284696,1.0,10.0,0.0,10.0,30.25,0.0
2025-02-03,Ridge,13.5,13.461663784459827,13.25,0.2116637844598266,0.0,0.25,1.0,0.0,30.25,0.0
2025-02-04,Ridge,13.25,13.89303716375833,13.5,0.3930371637583292,0.0,-0.25,0.0,-0.0,30.25,0.0
2025-02-05,Ridge,14.0,13.583951509548559,13.25,0.3339515095485588,0.0,0.75,0.0,0.0,30.25,0.0
2025-02-06,Ridge,17.25,12.751822908648254,14.0,-1.2481770913517458,-1.0,3.25,1.0,-3.25,27.0,-3.25
2025-02-07,Ridge,14.5,16.95543223302133,17.25,-0.2945677669786697,0.0,-2.75,1.0,-0.0,27.0,-3.25
2025-02-10,Ridge,15.0,13.722133480666926,14.5,-0.7778665193330738,-1.0,0.5,1.0,-0.5,26.5,-3.75
2025-02-11,Ridge,12.25,14.369751685284196,15.0,-0.6302483147158036,-1.0,-2.75,0.0,2.75,29.25,-1.0
2025-02-12,Ridge,11.5,12.726699018833823,12.25,0.4766990188338234,0.0,-0.75,1.0,-0.0,29.25,-1.0
2025-02-13,Ridge,12.25,11.818395899893504,11.5,0.31839589989350436,0.0,0.75,0.0,0.0,29.25,-1.0
2025-02-14,Ridge,10.5,12.274853558662862,12.25,0.024853558662861985,0.0,-1.75,0.0,-0.0,29.25,-1.0
2025-02-17,Ridge,12.5,11.765698928858232,10.5,1.2656989288582317,1.0,2.0,1.0,2.0,31.25,0.0
2025-02-18,Ridge,13.0,13.374021503976287,12.5,0.8740215039762873,1.0,0.5,0.0,0.5,31.75,0.0
2025-02-19,Ridge,9.25,13.599602672279087,13.0,0.5996026722790866,1.0,-3.75,0.0,-3.75,28.0,-3.75
2025-02-20,Ridge,9.0,10.55536314366518,9.25,1.3053631436651791,1.0,-0.25,0.0,-0.25,27.75,-4.0
2025-02-21,Ridge,13.0,10.928749498722764,9.0,1.9287494987227642,1.0,4.0,0.0,4.0,31.75,0.0
2025-02-24,Ridge,14.5,14.359919666946968,13.0,1.3599196669469684,1.0,1.5,0.0,1.5,33.25,0.0
2025-02-25,Ridge,16.75,15.422924755177718,14.5,0.9229247551777178,1.0,2.25,0.0,2.25,35.5,0.0
2025-02-26,Ridge,16.25,16.886135154314506,16.75,0.1361351543145055,0.0,-0.5,1.0,-0.0,35.5,0.0
2025-02-27,Ridge,7.25,16.39426048735997,16.25,0.14426048735996844,0.0,-9.0,0.0,-0.0,35.5,0.0
2025-02-28,Ridge,18.75,7.729399582876976,7.25,0.4793995828769759,0.0,11.5,0.0,0.0,35.5,0.0
2025-03-03,Ridge,16.75,19.60126532946321,18.75,0.8512653294632102,1.0,-2.0,1.0,-2.0,33.5,-2.0
2025-03-04,Ridge,12.75,17.45919027029591,16.75,0.7091902702959096,1.0,-4.0,0.0,-4.0,29.5,-6.0
2025-03-05,Ridge,11.0,13.797820732312708,12.75,1.047820732312708,1.0,-1.75,0.0,-1.75,27.75,-7.75
2025-03-06,Ridge,11.25,9.85571344875488,11.0,-1.14428655124512,-1.0,0.25,2.0,-0.25,27.5,-8.0
2025-03-07,Ridge,10.5,11.474772691370397,11.25,0.22477269137039713,0.0,-0.75,1.0,-0.0,27.5,-8.0
2025-03-10,Ridge,11.25,11.588239107852381,10.5,1.088239107852381,1.0,0.75,1.0,0.75,28.25,-7.25
2025-03-11,Ridge,9.75,11.120439236830482,11.25,-0.12956076316951837,0.0,-1.5,1.0,-0.0,28.25,-7.25
2025-03-12,Ridge,6.25,9.414735907064834,9.75,-0.3352640929351658,0.0,-3.5,0.0,-0.0,28.25,-7.25
2025-03-13,Ridge,7.0,6.545822709614265,6.25,0.2958227096142654,0.0,0.75,0.0,0.0,28.25,-7.25
2025-03-14,Ridge,7.0,8.583404925564762,7.0,1.5834049255647624,1.0,0.0,1.0,0.0,28.25,-7.25
2025-03-17,Ridge,6.75,7.4850554419066775,7.0,0.4850554419066775,0.0,-0.25,1.0,-0.0,28.25,-7.25
2025-03-18,Ridge,6.5,6.19626934618188,6.75,-0.5537306538181204,-1.0,-0.25,1.0,0.25,28.5,-7.0
2025-03-19,Ridge,6.5,5.550926048046907,6.5,-0.9490739519530926,-1.0,0.0,0.0,-0.0,28.5,-7.0
2025-03-20,Ridge,3.75,7.613391971311836,6.5,1.1133919713118363,1.0,-2.75,2.0,-2.75,25.75,-9.75
2025-03-21,Ridge,2.5,5.0249769850696815,3.75,1.2749769850696815,1.0,-1.25,0.0,-1.25,24.5,-11.0
2025-03-24,Ridge,-1.5,5.262103228312396,2.5,2.7621032283123963,1.0,-4.0,0.0,-4.0,20.5,-15.0
2025-03-25,Ridge,1.75,0.8805276700327536,-1.5,2.3805276700327536,1.0,3.25,0.0,3.25,23.75,-11.75
2025-03-26,Ridge,-0.75,5.996707265953916,1.75,4.246707265953916,1.0,-2.5,0.0,-2.5,21.25,-14.25
2025-03-27,Ridge,1.5,1.1716322758576432,-0.75,1.9216322758576432,1.0,2.25,0.0,2.25,23.5,-12.0
2025-03-28,Ridge,0.25,3.0128773975818146,1.5,1.5128773975818146,1.0,-1.25,0.0,-1.25,22.25,-13.25
2025-03-31,Ridge,1.5,-0.07291788726585402,0.25,-0.322917887265854,0.0,1.25,1.0,0.0,22.25,-13.25
2025-04-01,Ridge,0.5,1.625218999171961,1.5,0.125218999171961,0.0,-1.0,0.0,-0.0,22.25,-13.25
2025-04-02,Ridge,-1.25,1.8599558131961151,0.5,1.3599558131961151,1.0,-1.75,1.0,-1.75,20.5,-15.0
2025-04-03,Ridge,-1.0,2.0357039850562364,-1.25,3.2857039850562364,1.0,0.25,0.0,0.25,20.75,-14.75
2025-04-04,Ridge,-2.0,0.5626361452702664,-1.0,1.5626361452702664,1.0,-1.0,0.0,-1.0,19.75,-15.75
2025-04-07,Ridge,-1.75,-1.8550877453281043,-2.0,0.14491225467189572,0.0,0.25,1.0,0.0,19.75,-15.75
2025-04-08,Ridge,0.5,-1.3580500404740095,-1.75,0.39194995952599054,0.0,2.25,0.0,0.0,19.75,-15.75
2025-04-09,Ridge,0.0,-0.6028553953577527,0.5,-1.1028553953577527,-1.0,-0.5,1.0,0.5,20.25,-15.25
2025-04-10,Ridge,1.0,-0.5850801137469004,0.0,-0.5850801137469004,-1.0,1.0,0.0,-1.0,19.25,-16.25
2025-04-11,Ridge,4.75,-0.8895858314430285,1.0,-1.8895858314430285,-1.0,3.75,0.0,-3.75,15.5,-20.0
2025-04-14,Ridge,4.75,1.7740780103457725,4.75,-2.9759219896542275,-1.0,0.0,0.0,-0.0,15.5,-20.0
2025-04-15,Ridge,5.0,0.9656933815233222,4.75,-3.784306618476678,-1.0,0.25,0.0,-0.25,15.25,-20.25
2025-04-16,Ridge,7.75,4.44960898383447,5.0,-0.5503910161655297,-1.0,2.75,0.0,-2.75,12.5,-23.0
2025-04-17,Ridge,6.5,10.25784484477204,7.75,2.5078448447720394,1.0,-1.25,2.0,-1.25,11.25,-24.25
2025-04-22,Ridge,6.25,9.788243880956323,6.5,3.2882438809563226,1.0,-0.25,0.0,-0.25,11.0,-24.5
2025-04-23,Ridge,6.0,10.641677183330469,6.25,4.391677183330469,1.0,-0.25,0.0,-0.25,10.75,-24.75
2025-04-24,Ridge,5.75,10.536318047721885,6.0,4.536318047721885,1.0,-0.25,0.0,-0.25,10.5,-25.0
2025-04-25,Ridge,5.5,7.703532100759458,5.75,1.9535321007594577,1.0,-0.25,0.0,-0.25,10.25,-25.25
2025-04-28,Ridge,7.25,5.102886664549549,5.5,-0.3971133354504506,0.0,1.75,1.0,0.0,10.25,-25.25
2025-04-29,Ridge,6.75,6.278510700947549,7.25,-0.9714892990524513,-1.0,-0.5,1.0,0.5,10.75,-24.75
2025-04-30,Ridge,16.25,5.775884525544404,6.75,-0.974115474455596,-1.0,9.5,0.0,-9.5,1.25,-34.25
2025-05-01,Ridge,15.75,17.67738961636506,16.25,1.4273896163650583,1.0,-0.5,2.0,-0.5,0.75,-34.75
2025-05-02,Ridge,12.75,17.485803293960732,15.75,1.735803293960732,1.0,-3.0,0.0,-3.0,-2.25,-37.75
2025-05-06,Ridge,14.5,17.961155354167747,12.75,5.211155354167747,1.0,1.75,0.0,1.75,-0.5,-36.0
2025-05-07,Ridge,16.5,19.157953860089602,14.5,4.657953860089602,1.0,2.0,0.0,2.0,1.5,-34.0
2025-05-08,Ridge,13.0,18.995338612779776,16.5,2.4953386127797756,1.0,-3.5,0.0,-3.5,-2.0,-37.5
2025-05-09,Ridge,12.0,10.774166132682225,13.0,-2.2258338673177747,-1.0,-1.0,2.0,1.0,-1.0,-36.5
2025-05-12,Ridge,12.0,7.886529368483873,12.0,-4.113470631516127,-1.0,0.0,0.0,-0.0,-1.0,-36.5
2025-05-13,Ridge,13.25,7.647964114670785,12.0,-4.352035885329215,-1.0,1.25,0.0,-1.25,-2.25,-37.75
2025-05-14,Ridge,11.75,11.770394432183753,13.25,-1.4796055678162467,-1.0,-1.5,0.0,1.5,-0.75,-36.25
2025-05-15,Ridge,13.0,13.640343172407398,11.75,1.8903431724073982,1.0,1.25,2.0,1.25,0.5,-35.0
2025-05-16,Ridge,11.25,12.219416656455454,13.0,-0.7805833435445457,-1.0,-1.75,2.0,1.75,2.25,-33.25
2025-05-19,Ridge,9.75,12.42420550168925,11.25,1.1742055016892508,1.0,-1.5,2.0,-1.5,0.75,-34.75
2025-05-20,Ridge,8.5,10.857589615907063,9.75,1.107589615907063,1.0,-1.25,0.0,-1.25,-0.5,-36.0
2025-05-21,Ridge,6.25,8.149544239040353,8.5,-0.3504557609596475,0.0,-2.25,1.0,-0.0,-0.5,-36.0
2025-05-22,Ridge,5.25,5.511360866188116,6.25,-0.7386391338118843,-1.0,-1.0,1.0,1.0,0.5,-35.0
2025-05-23,Ridge,4.5,4.639784747704685,5.25,-0.6102152522953146,-1.0,-0.75,0.0,0.75,1.25,-34.25
2025-05-27,Ridge,4.25,4.768427776480806,4.5,0.26842777648080585,0.0,-0.25,1.0,-0.0,1.25,-34.25
2025-05-28,Ridge,4.0,4.131275805753326,4.25,-0.11872419424667413,0.0,-0.25,0.0,-0.0,1.25,-34.25
2025-05-29,Ridge,3.75,4.23582034588993,4.0,0.2358203458899304,0.0,-0.25,0.0,-0.0,1.25,-34.25
2025-05-30,Ridge,3.5,3.1671672854857023,3.75,-0.5828327145142977,-1.0,-0.25,1.0,0.25,1.5,-34.0
2025-06-02,Ridge,2.0,3.2747033491185142,3.5,-0.22529665088148576,0.0,-1.5,1.0,-0.0,1.5,-34.0
2025-06-03,Ridge,1.0,1.456575190285025,2.0,-0.543424809714975,-1.0,-1.0,1.0,1.0,2.5,-33.0
2025-06-04,Ridge,0.25,1.0228999137110817,1.0,0.022899913711081687,0.0,-0.75,1.0,-0.0,2.5,-33.0
2025-06-05,Ridge,0.75,0.4199759826883698,0.25,0.16997598268836978,0.0,0.5,0.0,0.0,2.5,-33.0
2025-06-06,Ridge,0.5,0.46878285253544316,0.75,-0.28121714746455684,0.0,-0.25,0.0,-0.0,2.5,-33.0
2025-06-09,Ridge,3.25,0.8328750885619804,0.5,0.33287508856198045,0.0,2.75,0.0,0.0,2.5,-33.0
2025-06-10,Ridge,4.75,2.5922247352622114,3.25,-0.6577752647377886,-1.0,1.5,1.0,-1.5,1.0,-34.5
2025-06-11,Ridge,5.25,3.0980146677646347,4.75,-1.6519853322353653,-1.0,0.5,0.0,-0.5,0.5,-35.0
2025-06-12,Ridge,5.0,3.272079196329674,5.25,-1.977920803670326,-1.0,-0.25,0.0,0.25,0.75,-34.75
2025-06-13,Ridge,4.5,2.236422212608188,5.0,-2.763577787391812,-1.0,-0.5,0.0,0.5,1.25,-34.25
2025-06-16,Ridge,3.5,2.0041663916191856,4.5,-2.4958336083808144,-1.0,-1.0,0.0,1.0,2.25,-33.25
2025-06-17,Ridge,2.0,0.4914153585609027,3.5,-3.0085846414390973,-1.0,-1.5,0.0,1.5,3.75,-31.75
2025-06-18,Ridge,-0.25,-0.5374413246062595,2.0,-2.5374413246062595,-1.0,-2.25,0.0,2.25,6.0,-29.5
2025-06-19,Ridge,-1.0,-2.036138081332447,-0.25,-1.7861380813324468,-1.0,-0.75,0.0,0.75,6.75,-28.75
2025-06-20,Ridge,-1.5,-2.2416870995316103,-1.0,-1.2416870995316103,-1.0,-0.5,0.0,0.5,7.25,-28.25
2025-06-23,Ridge,-2.75,-2.7212165544637754,-1.5,-1.2212165544637754,-1.0,-1.25,0.0,1.25,8.5,-27.0
2025-06-24,Ridge,-2.75,-3.4289520308344033,-2.75,-0.6789520308344033,-1.0,0.0,0.0,-0.0,8.5,-27.0
2025-06-25,Ridge,-2.75,-3.937313588072562,-2.75,-1.1873135880725618,-1.0,0.0,0.0,-0.0,8.5,-27.0
2025-06-26,Ridge,-2.75,-4.539437831020881,-2.75,-1.789437831020881,-1.0,0.0,0.0,-0.0,8.5,-27.0
2025-06-27,Ridge,-2.75,-3.695121330921224,-2.75,-0.9451213309212241,-1.0,0.0,0.0,-0.0,8.5,-27.0
2025-06-30,Ridge,-3.75,-3.7926920520230096,-2.75,-1.0426920520230096,-1.0,-1.0,0.0,1.0,9.5,-26.0
2025-07-01,Ridge,-3.75,-6.089341345105509,-3.75,-2.3393413451055087,-1.0,0.0,0.0,-0.0,9.5,-26.0
2025-07-02,Ridge,-4.5,-6.416155140098055,-3.75,-2.6661551400980548,-1.0,-0.75,0.0,0.75,10.25,-25.25
2025-07-03,Ridge,-4.5,-5.080938839671444,-4.5,-0.5809388396714441,-1.0,0.0,0.0,-0.0,10.25,-25.25
2025-07-04,Ridge,-2.75,-6.505478959641441,-4.5,-2.005478959641441,-1.0,1.75,0.0,-1.75,8.5,-27.0
2025-07-07,Ridge,-2.0,-4.105142994144628,-2.75,-1.3551429941446278,-1.0,0.75,0.0,-0.75,7.75,-27.75
2025-07-08,Ridge,-2.75,-3.682676462879418,-2.0,-1.6826764628794182,-1.0,-0.75,0.0,0.75,8.5,-27.0
2025-07-09,Ridge,-3.0,-4.867540433968432,-2.75,-2.117540433968432,-1.0,-0.25,0.0,0.25,8.75,-26.75
2025-07-10,Ridge,-3.25,-3.4718486518538123,-3.0,-0.4718486518538123,0.0,-0.25,1.0,-0.0,8.75,-26.75
2025-07-11,Ridge,-3.0,-2.1559451199966633,-3.25,1.0940548800033367,1.0,0.25,1.0,0.25,9.0,-26.5
2025-07-14,Ridge,-3.25,-2.317572198898776,-3.0,0.6824278011012241,1.0,-0.25,0.0,-0.25,8.75,-26.75
2025-07-15,Ridge,-3.0,-2.1885794227587043,-3.25,1.0614205772412957,1.0,0.25,0.0,0.25,9.0,-26.5
2025-07-16,Ridge,-2.75,-1.807648418326922,-3.0,1.192351581673078,1.0,0.25,0.0,0.25,9.25,-26.25
2025-07-17,Ridge,-3.0,-2.798997650658131,-2.75,-0.04899765065813089,0.0,-0.25,1.0,-0.0,9.25,-26.25
2025-07-18,Ridge,-3.25,-2.9724549575000703,-3.0,0.02754504249992973,0.0,-0.25,0.0,-0.0,9.25,-26.25
2025-07-21,Ridge,-3.25,-3.2128234450540747,-3.25,0.03717655494592531,0.0,0.0,0.0,0.0,9.25,-26.25
2025-07-22,Ridge,-3.0,-2.848054144589242,-3.25,0.4019458554107578,0.0,0.25,0.0,0.0,9.25,-26.25
2024-09-09,RandomForest,-2.75,2.003603240366826,1.5,0.503603240366826,1.0,-4.25,1.0,-4.25,-4.25,0.0
2024-09-10,RandomForest,-1.5,-3.1370460459919425,-2.75,-0.3870460459919425,0.0,1.25,1.0,0.0,-4.25,0.0
2024-09-11,RandomForest,3.0,-2.990649017376306,-1.5,-1.490649017376306,-1.0,4.5,1.0,-4.5,-8.75,-4.5
2024-09-12,RandomForest,3.75,3.6764920703537327,3.0,0.6764920703537327,1.0,0.75,2.0,0.75,-8.0,-3.75
2024-09-13,RandomForest,3.75,3.75161313116961,3.75,0.0016131311696101491,0.0,0.0,1.0,0.0,-8.0,-3.75
2024-09-16,RandomForest,4.75,4.084618834058298,3.75,0.33461883405829784,0.0,1.0,0.0,0.0,-8.0,-3.75
2024-09-17,RandomForest,5.0,6.885856840146834,4.75,2.1358568401468343,1.0,0.25,1.0,0.25,-7.75,-3.5
2024-09-18,RandomForest,5.0,7.095312740538069,5.0,2.095312740538069,1.0,0.0,0.0,0.0,-7.75,-3.5
2024-09-19,RandomForest,7.0,7.23467164064185,5.0,2.2346716406418503,1.0,2.0,0.0,2.0,-5.75,-1.5
2024-09-20,RandomForest,3.5,7.35630934227312,7.0,0.3563093422731196,0.0,-3.5,1.0,-0.0,-5.75,-1.5
2024-09-23,RandomForest,3.25,3.917156842156752,3.5,0.4171568421567522,0.0,-0.25,0.0,-0.0,-5.75,-1.5
2024-09-24,RandomForest,3.0,3.9941556186440965,3.25,0.7441556186440965,1.0,-0.25,1.0,-0.25,-6.0,-1.75
2024-09-25,RandomForest,3.0,3.9314094846762155,3.0,0.9314094846762155,1.0,0.0,0.0,0.0,-6.0,-1.75
2024-09-26,RandomForest,2.75,3.886097554245088,3.0,0.886097554245088,1.0,-0.25,0.0,-0.25,-6.25,-2.0
2024-09-27,RandomForest,1.25,3.857542958179857,2.75,1.1075429581798568,1.0,-1.5,0.0,-1.5,-7.75,-3.5
2024-09-30,RandomForest,-2.75,1.8174393833330968,1.25,0.5674393833330968,1.0,-4.0,0.0,-4.0,-11.75,-7.5
2024-10-01,RandomForest,0.5,-2.9811026595142636,-2.75,-0.23110265951426356,0.0,3.25,1.0,0.0,-11.75,-7.5
2024-10-02,RandomForest,0.0,0.2032303372530377,0.5,-0.29676966274696226,0.0,-0.5,0.0,-0.0,-11.75,-7.5
2024-10-03,RandomForest,5.0,0.24353800249503663,0.0,0.24353800249503663,0.0,5.0,0.0,0.0,-11.75,-7.5
2024-10-04,RandomForest,3.5,7.243101690328983,5.0,2.2431016903289827,1.0,-1.5,1.0,-1.5,-13.25,-9.0
2024-10-07,RandomForest,1.25,3.7530493533480818,3.5,0.25304935334808176,0.0,-2.25,1.0,-0.0,-13.25,-9.0
2024-10-08,RandomForest,1.5,1.2993656673516913,1.25,0.049365667351691345,0.0,0.25,0.0,0.0,-13.25,-9.0
2024-10-09,RandomForest,0.5,1.529872773092139,1.5,0.029872773092139093,0.0,-1.0,0.0,-0.0,-13.25,-9.0
2024-10-10,RandomForest,1.0,0.31971976350212294,0.5,-0.18028023649787706,0.0,0.5,0.0,0.0,-13.25,-9.0
2024-10-11,RandomForest,0.5,0.6223084650361387,1.0,-0.3776915349638613,0.0,-0.5,0.0,-0.0,-13.25,-9.0
2024-10-14,RandomForest,1.5,0.4296515696648667,0.5,-0.07034843033513333,0.0,1.0,0.0,0.0,-13.25,-9.0
2024-10-15,RandomForest,-1.25,1.6883855544372035,1.5,0.1883855544372035,0.0,-2.75,0.0,-0.0,-13.25,-9.0
2024-10-16,RandomForest,-2.5,-2.4534609458761207,-1.25,-1.2034609458761207,-1.0,-1.25,1.0,1.25,-12.0,-7.75
2024-10-17,RandomForest,-1.25,-3.0380890743791578,-2.5,-0.5380890743791578,-1.0,1.25,0.0,-1.25,-13.25,-9.0
2024-10-18,RandomForest,-0.75,-2.46358712952826,-1.25,-1.21358712952826,-1.0,0.5,0.0,-0.5,-13.75,-9.5
2024-10-21,RandomForest,-1.0,-1.1919075882876051,-0.75,-0.4419075882876051,0.0,-0.25,1.0,-0.0,-13.75,-9.5
2024-10-22,RandomForest,1.0,-2.3098858463448715,-1.0,-1.3098858463448715,-1.0,2.0,1.0,-2.0,-15.75,-11.5
2024-10-23,RandomForest,3.0,0.5768619808941575,1.0,-0.4231380191058425,0.0,2.0,1.0,0.0,-15.75,-11.5
2024-10-24,RandomForest,4.5,3.8885662267748824,3.0,0.8885662267748824,1.0,1.5,1.0,1.5,-14.25,-10.0
2024-10-25,RandomForest,6.5,6.84995712859016,4.5,2.3499571285901597,1.0,2.0,0.0,2.0,-12.25,-8.0
2024-10-28,RandomForest,7.75,7.382787091648526,6.5,0.8827870916485256,1.0,1.25,0.0,1.25,-11.0,-6.75
2024-10-29,RandomForest,7.75,7.7325360853958065,7.75,-0.017463914604193498,0.0,0.0,1.0,0.0,-11.0,-6.75
2024-10-30,RandomForest,7.5,8.007711355579291,7.75,0.2577113555792909,0.0,-0.25,0.0,-0.0,-11.0,-6.75
2024-10-31,RandomForest,17.0,7.807101491222736,7.5,0.30710149122273567,0.0,9.5,0.0,0.0,-11.0,-6.75
2024-11-01,RandomForest,14.25,15.8063855469977,17.0,-1.1936144530023007,-1.0,-2.75,1.0,2.75,-8.25,-4.0
2024-11-04,RandomForest,11.0,14.502166292901471,14.25,0.25216629290147097,0.0,-3.25,1.0,-0.0,-8.25,-4.0
2024-11-05,RandomForest,8.75,10.067407766249008,11.0,-0.9325922337509915,-1.0,-2.25,1.0,2.25,-6.0,-1.75
2024-11-06,RandomForest,7.0,9.202662773214524,8.75,0.45266277321452364,0.0,-1.75,1.0,-0.0,-6.0,-1.75
2024-11-07,RandomForest,7.0,7.524902471034153,7.0,0.524902471034153,1.0,0.0,1.0,0.0,-6.0,-1.75
2024-11-08,RandomForest,6.5,7.517471999299205,7.0,0.5174719992992047,1.0,-0.5,0.0,-0.5,-6.5,-2.25
2024-11-11,RandomForest,5.75,7.422269338990069,6.5,0.9222693389900689,1.0,-0.75,0.0,-0.75,-7.25,-3.0
2024-11-12,RandomForest,5.5,7.394153051066618,5.75,1.6441530510666178,1.0,-0.25,0.0,-0.25,-7.5,-3.25
2024-11-13,RandomForest,6.0,7.372525332143255,5.5,1.8725253321432547,1.0,0.5,0.0,0.5,-7.0,-2.75
2024-11-14,RandomForest,3.75,7.431011174625046,6.0,1.4310111746250458,1.0,-2.25,0.0,-2.25,-9.25,-5.0
2024-11-15,RandomForest,3.5,3.8528890024473013,3.75,0.10288900244730126,0.0,-0.25,1.0,-0.0,-9.25,-5.0
2024-11-18,RandomForest,2.25,3.877267223872457,3.5,0.3772672238724568,0.0,-1.25,0.0,-0.0,-9.25,-5.0
2024-11-19,RandomForest,0.75,2.7337063409299223,2.25,0.48370634092992226,0.0,-1.5,0.0,-0.0,-9.25,-5.0
2024-11-20,RandomForest,-1.5,0.8467906434035303,0.75,0.09679064340353027,0.0,-2.25,0.0,-0.0,-9.25,-5.0
2024-11-21,RandomForest,-1.5,-2.9038385513545566,-1.5,-1.4038385513545566,-1.0,0.0,1.0,-0.0,-9.25,-5.0
2024-11-22,RandomForest,-2.0,-2.8487250377609894,-1.5,-1.3487250377609894,-1.0,-0.5,0.0,0.5,-8.75,-4.5
2024-11-25,RandomForest,-3.5,-2.875973735799646,-2.0,-0.8759737357996462,-1.0,-1.5,0.0,1.5,-7.25,-3.0
2024-11-26,RandomForest,-3.5,-3.1349597249501415,-3.5,0.3650402750498585,0.0,0.0,1.0,0.0,-7.25,-3.0
2024-11-27,RandomForest,-3.5,-3.1044506371962797,-3.5,0.39554936280372033,0.0,0.0,0.0,0.0,-7.25,-3.0
2024-11-28,RandomForest,-3.75,-3.1187575497627473,-3.5,0.3812424502372527,0.0,-0.25,0.0,-0.0,-7.25,-3.0
2024-11-29,RandomForest,-7.5,-3.2427178821167684,-3.75,0.5072821178832316,1.0,-3.75,1.0,-3.75,-11.0,-6.75
2024-12-02,RandomForest,-11.0,-7.439078093697105,-7.5,0.0609219063028954,0.0,-3.5,1.0,-0.0,-11.0,-6.75
2024-12-03,RandomForest,-13.25,-12.196838665934647,-11.0,-1.1968386659346475,-1.0,-2.25,1.0,2.25,-8.75,-4.5
2024-12-04,RandomForest,-11.25,-12.940996717736937,-13.25,0.3090032822630633,0.0,2.0,1.0,0.0,-8.75,-4.5
2024-12-05,RandomForest,-3.25,-12.441828434775143,-11.25,-1.191828434775143,-1.0,8.0,1.0,-8.0,-16.75,-12.5
2024-12-06,RandomForest,-4.0,-3.206548040989943,-3.25,0.04345195901005683,0.0,-0.75,1.0,-0.0,-16.75,-12.5
2024-12-09,RandomForest,-5.25,-3.4591621301292625,-4.0,0.5408378698707375,1.0,-1.25,1.0,-1.25,-18.0,-13.75
2024-12-10,RandomForest,-5.75,-5.942213528551542,-5.25,-0.6922135285515418,-1.0,-0.5,2.0,0.5,-17.5,-13.25
2024-12-11,RandomForest,-6.0,-6.165720024313666,-5.75,-0.41572002431366606,0.0,-0.25,1.0,-0.0,-17.5,-13.25
2024-12-12,RandomForest,-6.5,-6.231905554731519,-6.0,-0.23190555473151875,0.0,-0.5,0.0,-0.0,-17.5,-13.25
2024-12-13,RandomForest,-6.25,-6.174623389359586,-6.5,0.3253766106404141,0.0,0.25,0.0,0.0,-17.5,-13.25
2024-12-16,RandomForest,-2.0,-6.164792850546164,-6.25,0.08520714945383556,0.0,4.25,0.0,0.0,-17.5,-13.25
2024-12-17,RandomForest,0.5,-2.374467877794052,-2.0,-0.3744678777940522,0.0,2.5,0.0,0.0,-17.5,-13.25
2024-12-18,RandomForest,4.0,1.0720515662027905,0.5,0.5720515662027905,1.0,3.5,1.0,3.5,-14.0,-9.75
2024-12-19,RandomForest,4.0,5.555430449466159,4.0,1.5554304494661588,1.0,0.0,0.0,0.0,-14.0,-9.75
2024-12-20,RandomForest,4.5,5.6446991022438615,4.0,1.6446991022438615,1.0,0.5,0.0,0.5,-13.5,-9.25
2024-12-23,RandomForest,5.5,7.536304343296401,4.5,3.0363043432964014,1.0,1.0,0.0,1.0,-12.5,-8.25
2024-12-24,RandomForest,5.0,7.760201677065958,5.5,2.2602016770659583,1.0,-0.5,0.0,-0.5,-13.0,-8.75
2024-12-27,RandomForest,6.0,7.60984100057209,5.0,2.6098410005720902,1.0,1.0,0.0,1.0,-12.0,-7.75
2024-12-30,RandomForest,5.0,7.899976095043497,6.0,1.8999760950434972,1.0,-1.0,0.0,-1.0,-13.0,-8.75
2024-12-31,RandomForest,14.5,7.816573705251314,5.0,2.8165737052513142,1.0,9.5,0.0,9.5,-3.5,0.0
2025-01-02,RandomForest,11.25,14.945923892653148,14.5,0.44592389265314836,0.0,-3.25,1.0,-0.0,-3.5,0.0
2025-01-03,RandomForest,8.25,11.760707168396147,11.25,0.5107071683961468,1.0,-3.0,1.0,-3.0,-6.5,-3.0
2025-01-06,RandomForest,3.25,10.463432031052891,8.25,2.213432031052891,1.0,-5.0,0.0,-5.0,-11.5,-8.0
2025-01-07,RandomForest,1.25,4.061380625340462,3.25,0.8113806253404618,1.0,-2.0,0.0,-2.0,-13.5,-10.0
2025-01-08,RandomForest,-4.0,2.3694935295692554,1.25,1.1194935295692554,1.0,-5.25,0.0,-5.25,-18.75,-15.25
2025-01-09,RandomForest,-5.75,-3.2751530942295064,-4.0,0.7248469057704936,1.0,-1.75,0.0,-1.75,-20.5,-17.0
2025-01-10,RandomForest,-3.5,-6.311267434544001,-5.75,-0.5612674345440007,-1.0,2.25,2.0,-2.25,-22.75,-19.25
2025-01-13,RandomForest,-1.25,-3.232021395526053,-3.5,0.26797860447394717,0.0,2.25,1.0,0.0,-22.75,-19.25
2025-01-14,RandomForest,3.0,-2.6994175370281566,-1.25,-1.4494175370281566,-1.0,4.25,1.0,-4.25,-27.0,-23.5
2025-01-15,RandomForest,3.25,3.862137559737063,3.0,0.8621375597370631,1.0,0.25,2.0,0.25,-26.75,-23.25
2025-01-16,RandomForest,2.0,4.03931988728316,3.25,0.7893198872831597,1.0,-1.25,0.0,-1.25,-28.0,-24.5
2025-01-17,RandomForest,2.0,2.8250359783928305,2.0,0.8250359783928305,1.0,0.0,0.0,0.0,-28.0,-24.5
2025-01-20,RandomForest,2.0,2.914511618051785,2.0,0.9145116180517849,1.0,0.0,0.0,0.0,-28.0,-24.5
2025-01-21,RandomForest,2.75,3.0374409555388526,2.0,1.0374409555388526,1.0,0.75,0.0,0.75,-27.25,-23.75
2025-01-22,RandomForest,2.5,4.186279585850284,2.75,1.4362795858502837,1.0,-0.25,0.0,-0.25,-27.5,-24.0
2025-01-23,RandomForest,4.5,4.25866892516398,2.5,1.7586689251639802,1.0,2.0,0.0,2.0,-25.5,-22.0
2025-01-24,RandomForest,2.0,6.98066968731222,4.5,2.4806696873122203,1.0,-2.5,0.0,-2.5,-28.0,-24.5
2025-01-27,RandomForest,1.75,3.0051244527618715,2.0,1.0051244527618715,1.0,-0.25,0.0,-0.25,-28.25,-24.75
2025-01-28,RandomForest,3.5,2.965862857712041,1.75,1.215862857712041,1.0,1.75,0.0,1.75,-26.5,-23.0
2025-01-29,RandomForest,3.5,4.157247078087267,3.5,0.6572470780872672,1.0,0.0,0.0,0.0,-26.5,-23.0
2025-01-30,RandomForest,3.25,4.061679186483943,3.5,0.5616791864839428,1.0,-0.25,0.0,-0.25,-26.75,-23.25
2025-01-31,RandomForest,13.25,4.039630575208938,3.25,0.7896305752089381,1.0,10.0,0.0,10.0,-16.75,-13.25
2025-02-03,RandomForest,13.5,14.668140120731028,13.25,1.418140120731028,1.0,0.25,0.0,0.25,-16.5,-13.0
2025-02-04,RandomForest,13.25,14.670539005199677,13.5,1.170539005199677,1.0,-0.25,0.0,-0.25,-16.75,-13.25
2025-02-05,RandomForest,14.0,14.512820017488554,13.25,1.2628200174885542,1.0,0.75,0.0,0.75,-16.0,-12.5
2025-02-06,RandomForest,17.25,14.720716494002767,14.0,0.720716494002767,1.0,3.25,0.0,3.25,-12.75,-9.25
2025-02-07,RandomForest,14.5,15.819767786762828,17.25,-1.430232213237172,-1.0,-2.75,2.0,2.75,-10.0,-6.5
2025-02-10,RandomForest,15.0,14.768469492960266,14.5,0.268469492960266,0.0,0.5,1.0,0.0,-10.0,-6.5
2025-02-11,RandomForest,12.25,14.719708225706396,15.0,-0.2802917742936035,0.0,-2.75,0.0,-0.0,-10.0,-6.5
2025-02-12,RandomForest,11.5,13.027772134573532,12.25,0.7777721345735316,1.0,-0.75,1.0,-0.75,-10.75,-7.25
2025-02-13,RandomForest,12.25,12.510893985924838,11.5,1.010893985924838,1.0,0.75,0.0,0.75,-10.0,-6.5
2025-02-14,RandomForest,10.5,12.684553837955434,12.25,0.4345538379554341,0.0,-1.75,1.0,-0.0,-10.0,-6.5
2025-02-17,RandomForest,12.5,10.06783087379859,10.5,-0.43216912620141024,0.0,2.0,0.0,0.0,-10.0,-6.5
2025-02-18,RandomForest,13.0,12.579029400693996,12.5,0.07902940069399556,0.0,0.5,0.0,0.0,-10.0,-6.5
2025-02-19,RandomForest,9.25,13.78492501274588,13.0,0.7849250127458802,1.0,-3.75,1.0,-3.75,-13.75,-10.25
2025-02-20,RandomForest,9.0,8.813127549747845,9.25,-0.4368724502521548,0.0,-0.25,1.0,-0.0,-13.75,-10.25
2025-02-21,RandomForest,13.0,8.997027903217985,9.0,-0.0029720967820150435,0.0,4.0,0.0,0.0,-13.75,-10.25
2025-02-24,RandomForest,14.5,13.800541290862478,13.0,0.800541290862478,1.0,1.5,1.0,1.5,-12.25,-8.75
2025-02-25,RandomForest,16.75,14.50891813042748,14.5,0.008918130427479909,0.0,2.25,1.0,0.0,-12.25,-8.75
2025-02-26,RandomForest,16.25,15.62225434641313,16.75,-1.1277456535868708,-1.0,-0.5,1.0,0.5,-11.75,-8.25
2025-02-27,RandomForest,7.25,15.548037571927962,16.25,-0.7019624280720382,-1.0,-9.0,0.0,9.0,-2.75,0.0
2025-02-28,RandomForest,18.75,7.7545181996228045,7.25,0.5045181996228045,1.0,11.5,2.0,11.5,8.75,0.0
2025-03-03,RandomForest,16.75,15.669566653855167,18.75,-3.080433346144833,-1.0,-2.0,2.0,2.0,10.75,0.0
2025-03-04,RandomForest,12.75,15.547398439532628,16.75,-1.2026015604673717,-1.0,-4.0,0.0,4.0,14.75,0.0
2025-03-05,RandomForest,11.0,13.969800630470226,12.75,1.2198006304702265,1.0,-1.75,2.0,-1.75,13.0,-1.75
2025-03-06,RandomForest,11.25,10.063698350209812,11.0,-0.9363016497901882,-1.0,0.25,2.0,-0.25,12.75,-2.0
2025-03-07,RandomForest,10.5,11.565504500230663,11.25,0.3155045002306629,0.0,-0.75,1.0,-0.0,12.75,-2.0
2025-03-10,RandomForest,11.25,9.69877068376325,10.5,-0.8012293162367499,-1.0,0.75,1.0,-0.75,12.0,-2.75
2025-03-11,RandomForest,9.75,11.538706892471378,11.25,0.28870689247137804,0.0,-1.5,1.0,-0.0,12.0,-2.75
2025-03-12,RandomForest,6.25,9.205950449602716,9.75,-0.5440495503972844,-1.0,-3.5,1.0,3.5,15.5,0.0
2025-03-13,RandomForest,7.0,7.454839407545244,6.25,1.2048394075452444,1.0,0.75,2.0,0.75,16.25,0.0
2025-03-14,RandomForest,7.0,7.459568423783791,7.0,0.45956842378379115,0.0,0.0,1.0,0.0,16.25,0.0
2025-03-17,RandomForest,6.75,7.481831580773874,7.0,0.481831580773874,0.0,-0.25,0.0,-0.0,16.25,0.0
2025-03-18,RandomForest,6.5,7.549846727944186,6.75,0.7998467279441863,1.0,-0.25,1.0,-0.25,16.0,-0.25
2025-03-19,RandomForest,6.5,7.608144580554538,6.5,1.108144580554538,1.0,0.0,0.0,0.0,16.0,-0.25
2025-03-20,RandomForest,3.75,7.6130452857989654,6.5,1.1130452857989654,1.0,-2.75,0.0,-2.75,13.25,-3.0
2025-03-21,RandomForest,2.5,4.005601130294579,3.75,0.2556011302945791,0.0,-1.25,1.0,-0.0,13.25,-3.0
2025-03-24,RandomForest,-1.5,3.881168731373563,2.5,1.3811687313735632,1.0,-4.0,1.0,-4.0,9.25,-7.0
2025-03-25,RandomForest,1.75,-2.8191772701050235,-1.5,-1.3191772701050235,-1.0,3.25,2.0,-3.25,6.0,-10.25
2025-03-26,RandomForest,-0.75,2.8849806157041455,1.75,1.1349806157041455,1.0,-2.5,2.0,-2.5,3.5,-12.75
2025-03-27,RandomForest,1.5,-0.6308320188440116,-0.75,0.11916798115598837,0.0,2.25,1.0,0.0,3.5,-12.75
2025-03-28,RandomForest,0.25,2.3181534233990715,1.5,0.8181534233990715,1.0,-1.25,1.0,-1.25,2.25,-14.0
2025-03-31,RandomForest,1.5,0.8705884099466238,0.25,0.6205884099466238,1.0,1.25,0.0,1.25,3.5,-12.75
2025-04-01,RandomForest,0.5,2.177132140990682,1.5,0.6771321409906821,1.0,-1.0,0.0,-1.0,2.5,-13.75
2025-04-02,RandomForest,-1.25,0.8129770429118586,0.5,0.31297704291185857,0.0,-1.75,1.0,-0.0,2.5,-13.75
2025-04-03,RandomForest,-1.0,-2.491564528302982,-1.25,-1.2415645283029821,-1.0,0.25,1.0,-0.25,2.25,-14.0
2025-04-04,RandomForest,-2.0,-2.410480173264791,-1.0,-1.4104801732647911,-1.0,-1.0,0.0,1.0,3.25,-13.0
2025-04-07,RandomForest,-1.75,-3.068107546311496,-2.0,-1.068107546311496,-1.0,0.25,0.0,-0.25,3.0,-13.25
2025-04-08,RandomForest,0.5,-3.0729671858589405,-1.75,-1.3229671858589405,-1.0,2.25,0.0,-2.25,0.75,-15.5
2025-04-09,RandomForest,0.0,0.5684762202568727,0.5,0.06847622025687272,0.0,-0.5,1.0,-0.0,0.75,-15.5
2025-04-10,RandomForest,1.0,0.5879634854819015,0.0,0.5879634854819015,1.0,1.0,1.0,1.0,1.75,-14.5
2025-04-11,RandomForest,4.75,0.8017182742968482,1.0,-0.19828172570315183,0.0,3.75,1.0,0.0,1.75,-14.5
2025-04-14,RandomForest,4.75,6.816207506222618,4.75,2.066207506222618,1.0,0.0,1.0,0.0,1.75,-14.5
2025-04-15,RandomForest,5.0,6.889094746716725,4.75,2.139094746716725,1.0,0.25,0.0,0.25,2.0,-14.25
2025-04-16,RandomForest,7.75,7.262609040348287,5.0,2.262609040348287,1.0,2.75,0.0,2.75,4.75,-11.5
2025-04-17,RandomForest,6.5,7.750407353404469,7.75,0.0004073534044692906,0.0,-1.25,1.0,-0.0,4.75,-11.5
2025-04-22,RandomForest,6.25,7.628312523037837,6.5,1.1283125230378372,1.0,-0.25,1.0,-0.25,4.5,-11.75
2025-04-23,RandomForest,6.0,7.6948053213507785,6.25,1.4448053213507785,1.0,-0.25,0.0,-0.25,4.25,-12.0
2025-04-24,RandomForest,5.75,7.511254437011404,6.0,1.511254437011404,1.0,-0.25,0.0,-0.25,4.0,-12.25
2025-04-25,RandomForest,5.5,7.758781348803585,5.75,2.008781348803585,1.0,-0.25,0.0,-0.25,3.75,-12.5
2025-04-28,RandomForest,7.25,7.694876024388377,5.5,2.1948760243883774,1.0,1.75,0.0,1.75,5.5,-10.75
2025-04-29,RandomForest,6.75,7.812564190484647,7.25,0.5625641904846468,1.0,-0.5,0.0,-0.5,5.0,-11.25
2025-04-30,RandomForest,16.25,7.89569855109834,6.75,1.1456985510983397,1.0,9.5,0.0,9.5,14.5,-1.75
2025-05-01,RandomForest,15.75,15.740736014103732,16.25,-0.5092639858962684,-1.0,-0.5,2.0,0.5,15.0,-1.25
2025-05-02,RandomForest,12.75,14.918482887530926,15.75,-0.8315171124690739,-1.0,-3.0,0.0,3.0,18.0,0.0
2025-05-06,RandomForest,14.5,13.893864851745766,12.75,1.1438648517457661,1.0,1.75,2.0,1.75,19.75,0.0
2025-05-07,RandomForest,16.5,14.580295167922065,14.5,0.08029516792206515,0.0,2.0,1.0,0.0,19.75,0.0
2025-05-08,RandomForest,13.0,15.567926895709377,16.5,-0.9320731042906232,-1.0,-3.5,1.0,3.5,23.25,0.0
2025-05-09,RandomForest,12.0,13.663955201114868,13.0,0.6639552011148684,1.0,-1.0,2.0,-1.0,22.25,-1.0
2025-05-12,RandomForest,12.0,12.010429929624621,12.0,0.010429929624621082,0.0,0.0,1.0,0.0,22.25,-1.0
2025-05-13,RandomForest,13.25,11.937351178403267,12.0,-0.06264882159673313,0.0,1.25,0.0,0.0,22.25,-1.0
2025-05-14,RandomForest,11.75,13.783322442998566,13.25,0.5333224429985659,1.0,-1.5,1.0,-1.5,20.75,-2.5
2025-05-15,RandomForest,13.0,11.944002229243335,11.75,0.19400222924333477,0.0,1.25,1.0,0.0,20.75,-2.5
2025-05-16,RandomForest,11.25,13.655112570353179,13.0,0.6551125703531788,1.0,-1.75,1.0,-1.75,19.0,-4.25
2025-05-19,RandomForest,9.75,10.766547166776457,11.25,-0.48345283322354327,0.0,-1.5,1.0,-0.0,19.0,-4.25
2025-05-20,RandomForest,8.5,8.532597732568123,9.75,-1.2174022674318774,-1.0,-1.25,1.0,1.25,20.25,-3.0
2025-05-21,RandomForest,6.25,8.218786002781314,8.5,-0.28121399721868556,0.0,-2.25,1.0,-0.0,20.25,-3.0
2025-05-22,RandomForest,5.25,7.509881827774387,6.25,1.2598818277743868,1.0,-1.0,1.0,-1.0,19.25,-4.0
2025-05-23,RandomForest,4.5,7.5103176451468565,5.25,2.2603176451468565,1.0,-0.75,0.0,-0.75,18.5,-4.75
2025-05-27,RandomForest,4.25,7.135324404508871,4.5,2.6353244045088706,1.0,-0.25,0.0,-0.25,18.25,-5.0
2025-05-28,RandomForest,4.0,5.528223989520296,4.25,1.2782239895202956,1.0,-0.25,0.0,-0.25,18.0,-5.25
2025-05-29,RandomForest,3.75,5.461555081077341,4.0,1.461555081077341,1.0,-0.25,0.0,-0.25,17.75,-5.5
2025-05-30,RandomForest,3.5,3.9478762208264357,3.75,0.19787622082643574,0.0,-0.25,1.0,-0.0,17.75,-5.5
2025-06-02,RandomForest,2.0,3.8652803037898593,3.5,0.3652803037898593,0.0,-1.5,0.0,-0.0,17.75,-5.5
2025-06-03,RandomForest,1.0,2.60186563539216,2.0,0.6018656353921599,1.0,-1.0,1.0,-1.0,16.75,-6.5
2025-06-04,RandomForest,0.25,0.5784464089737553,1.0,-0.4215535910262447,0.0,-0.75,1.0,-0.0,16.75,-6.5
2025-06-05,RandomForest,0.75,0.39446741042057665,0.25,0.14446741042057665,0.0,0.5,0.0,0.0,16.75,-6.5
2025-06-06,RandomForest,0.5,0.26507611347453236,0.75,-0.48492388652546764,0.0,-0.25,0.0,-0.0,16.75,-6.5
2025-06-09,RandomForest,3.25,0.5401880144325765,0.5,0.04018801443257647,0.0,2.75,0.0,0.0,16.75,-6.5
2025-06-10,RandomForest,4.75,3.7442488346715974,3.25,0.4942488346715974,0.0,1.5,0.0,0.0,16.75,-6.5
2025-06-11,RandomForest,5.25,7.0065123349872325,4.75,2.2565123349872325,1.0,0.5,1.0,0.5,17.25,-6.0
2025-06-12,RandomForest,5.0,7.1203417130809585,5.25,1.8703417130809585,1.0,-0.25,0.0,-0.25,17.0,-6.25
2025-06-13,RandomForest,4.5,7.395154993196961,5.0,2.395154993196961,1.0,-0.5,0.0,-0.5,16.5,-6.75
2025-06-16,RandomForest,3.5,7.332996749586532,4.5,2.832996749586532,1.0,-1.0,0.0,-1.0,15.5,-7.75
2025-06-17,RandomForest,2.0,3.8455698762870787,3.5,0.3455698762870787,0.0,-1.5,1.0,-0.0,15.5,-7.75
2025-06-18,RandomForest,-0.25,2.6206749809831162,2.0,0.6206749809831162,1.0,-2.25,1.0,-2.25,13.25,-10.0
2025-06-19,RandomForest,-1.0,0.5014228461023215,-0.25,0.7514228461023215,1.0,-0.75,0.0,-0.75,12.5,-10.75
2025-06-20,RandomForest,-1.5,-2.353534795230697,-1.0,-1.353534795230697,-1.0,-0.5,2.0,0.5,13.0,-10.25
2025-06-23,RandomForest,-2.75,-2.9192944665726666,-1.5,-1.4192944665726666,-1.0,-1.25,0.0,1.25,14.25,-9.0
2025-06-24,RandomForest,-2.75,-3.0312692477669594,-2.75,-0.2812692477669594,0.0,0.0,1.0,0.0,14.25,-9.0
2025-06-25,RandomForest,-2.75,-3.020584327847958,-2.75,-0.27058432784795805,0.0,0.0,0.0,0.0,14.25,-9.0
2025-06-26,RandomForest,-2.75,-2.996074009848668,-2.75,-0.24607400984866779,0.0,0.0,0.0,0.0,14.25,-9.0
2025-06-27,RandomForest,-2.75,-2.943412919414553,-2.75,-0.19341291941455285,0.0,0.0,0.0,0.0,14.25,-9.0
2025-06-30,RandomForest,-3.75,-2.9816698264303727,-2.75,-0.2316698264303727,0.0,-1.0,0.0,-0.0,14.25,-9.0
2025-07-01,RandomForest,-3.75,-3.1480056832167835,-3.75,0.6019943167832165,1.0,0.0,1.0,0.0,14.25,-9.0
2025-07-02,RandomForest,-4.5,-3.2106751187218676,-3.75,0.5393248812781324,1.0,-0.75,0.0,-0.75,13.5,-9.75
2025-07-03,RandomForest,-4.5,-3.730834899234904,-4.5,0.7691651007650959,1.0,0.0,0.0,0.0,13.5,-9.75
2025-07-04,RandomForest,-2.75,-3.7172827453720476,-4.5,0.7827172546279524,1.0,1.75,0.0,1.75,15.25,-8.0
2025-07-07,RandomForest,-2.0,-3.0199676369687394,-2.75,-0.2699676369687394,0.0,0.75,1.0,0.0,15.25,-8.0
2025-07-08,RandomForest,-2.75,-2.8919921632789722,-2.0,-0.8919921632789722,-1.0,-0.75,1.0,0.75,16.0,-7.25
2025-07-09,RandomForest,-3.0,-2.9377333648885413,-2.75,-0.1877333648885413,0.0,-0.25,1.0,-0.0,16.0,-7.25
2025-07-10,RandomForest,-3.25,-3.045847557214565,-3.0,-0.045847557214564905,0.0,-0.25,0.0,-0.0,16.0,-7.25
2025-07-11,RandomForest,-3.0,-2.999611262389584,-3.25,0.2503887376104159,0.0,0.25,0.0,0.0,16.0,-7.25
2025-07-14,RandomForest,-3.25,-2.9955511797365757,-3.0,0.004448820263424302,0.0,-0.25,0.0,-0.0,16.0,-7.25
2025-07-15,RandomForest,-3.0,-2.987213410963478,-3.25,0.26278658903652197,0.0,0.25,0.0,0.0,16.0,-7.25
2025-07-16,RandomForest,-2.75,-3.0262531730118267,-3.0,-0.026253173011826725,0.0,0.25,0.0,0.0,16.0,-7.25
2025-07-17,RandomForest,-3.0,-2.9474396006730563,-2.75,-0.19743960067305633,0.0,-0.25,0.0,-0.0,16.0,-7.25
2025-07-18,RandomForest,-3.25,-2.9530007967340266,-3.0,0.0469992032659734,0.0,-0.25,0.0,-0.0,16.0,-7.25
2025-07-21,RandomForest,-3.25,-2.9088326642569964,-3.25,0.3411673357430036,0.0,0.0,0.0,0.0,16.0,-7.25
2025-07-22,RandomForest,-3.0,-2.961874079819137,-3.25,0.288125920180863,0.0,0.25,0.0,0.0,16.0,-7.25
2024-09-09,XGBoost,-2.75,8.826621055603027,1.5,7.326621055603027,1.0,-4.25,1.0,-4.25,-4.25,0.0
2024-09-10,XGBoost,-1.5,-1.2653440237045288,-2.75,1.4846559762954712,1.0,1.25,0.0,1.25,-3.0,0.0
2024-09-11,XGBoost,3.0,0.2957351803779602,-1.5,1.7957351803779602,1.0,4.5,0.0,4.5,1.5,0.0
2024-09-12,XGBoost,3.75,1.1122026443481445,3.0,-1.8877973556518555,-1.0,0.75,2.0,-0.75,0.75,-0.75
2024-09-13,XGBoost,3.75,3.2988314628601074,3.75,-0.4511685371398926,0.0,0.0,1.0,0.0,0.75,-0.75
2024-09-16,XGBoost,4.75,3.889047384262085,3.75,0.13904738426208496,0.0,1.0,0.0,0.0,0.75,-0.75
2024-09-17,XGBoost,5.0,5.2408976554870605,4.75,0.49089765548706055,0.0,0.25,0.0,0.0,0.75,-0.75
2024-09-18,XGBoost,5.0,4.6588897705078125,5.0,-0.3411102294921875,0.0,0.0,0.0,0.0,0.75,-0.75
2024-09-19,XGBoost,7.0,5.043339252471924,5.0,0.04333925247192383,0.0,2.0,0.0,0.0,0.75,-0.75
2024-09-20,XGBoost,3.5,5.838531970977783,7.0,-1.1614680290222168,-1.0,-3.5,1.0,3.5,4.25,0.0
2024-09-23,XGBoost,3.25,4.110463619232178,3.5,0.6104636192321777,1.0,-0.25,2.0,-0.25,4.0,-0.25
2024-09-24,XGBoost,3.0,3.561941623687744,3.25,0.31194162368774414,0.0,-0.25,1.0,-0.0,4.0,-0.25
2024-09-25,XGBoost,3.0,3.4557271003723145,3.0,0.45572710037231445,0.0,0.0,0.0,0.0,4.0,-0.25
2024-09-26,XGBoost,2.75,3.5957863330841064,3.0,0.5957863330841064,1.0,-0.25,1.0,-0.25,3.75,-0.5
2024-09-27,XGBoost,1.25,3.451514959335327,2.75,0.7015149593353271,1.0,-1.5,0.0,-1.5,2.25,-2.0
2024-09-30,XGBoost,-2.75,1.8293498754501343,1.25,0.5793498754501343,1.0,-4.0,0.0,-4.0,-1.75,-6.0
2024-10-01,XGBoost,0.5,-1.5667314529418945,-2.75,1.1832685470581055,1.0,3.25,0.0,3.25,1.5,-2.75
2024-10-02,XGBoost,0.0,-0.31585344672203064,0.5,-0.8158534467220306,-1.0,-0.5,2.0,0.5,2.0,-2.25
2024-10-03,XGBoost,5.0,0.006294735241681337,0.0,0.006294735241681337,0.0,5.0,1.0,0.0,2.0,-2.25
2024-10-04,XGBoost,3.5,3.995586395263672,5.0,-1.0044136047363281,-1.0,-1.5,1.0,1.5,3.5,-0.75
2024-10-07,XGBoost,1.25,3.056096076965332,3.5,-0.44390392303466797,0.0,-2.25,1.0,-0.0,3.5,-0.75
2024-10-08,XGBoost,1.5,1.6050825119018555,1.25,0.35508251190185547,0.0,0.25,0.0,0.0,3.5,-0.75
2024-10-09,XGBoost,0.5,0.7529759407043457,1.5,-0.7470240592956543,-1.0,-1.0,1.0,1.0,4.5,0.0
2024-10-10,XGBoost,1.0,-0.12039599567651749,0.5,-0.6203959956765175,-1.0,0.5,0.0,-0.5,4.0,-0.5
2024-10-11,XGBoost,0.5,0.5862933397293091,1.0,-0.4137066602706909,0.0,-0.5,1.0,-0.0,4.0,-0.5
2024-10-14,XGBoost,1.5,-0.008901617489755154,0.5,-0.5089016174897552,-1.0,1.0,1.0,-1.0,3.0,-1.5
2024-10-15,XGBoost,-1.25,0.9431667923927307,1.5,-0.5568332076072693,-1.0,-2.75,0.0,2.75,5.75,0.0
2024-10-16,XGBoost,-2.5,-2.016160249710083,-1.25,-0.766160249710083,-1.0,-1.25,0.0,1.25,7.0,0.0
2024-10-17,XGBoost,-1.25,-2.31455397605896,-2.5,0.18544602394104004,0.0,1.25,1.0,0.0,7.0,0.0
2024-10-18,XGBoost,-0.75,-2.3158082962036133,-1.25,-1.0658082962036133,-1.0,0.5,1.0,-0.5,6.5,-0.5
2024-10-21,XGBoost,-1.0,-1.159671425819397,-0.75,-0.409671425819397,0.0,-0.25,1.0,-0.0,6.5,-0.5
2024-10-22,XGBoost,1.0,-1.917186975479126,-1.0,-0.917186975479126,-1.0,2.0,1.0,-2.0,4.5,-2.5
2024-10-23,XGBoost,3.0,0.5364293456077576,1.0,-0.46357065439224243,0.0,2.0,1.0,0.0,4.5,-2.5
2024-10-24,XGBoost,4.5,2.715456962585449,3.0,-0.2845430374145508,0.0,1.5,0.0,0.0,4.5,-2.5
2024-10-25,XGBoost,6.5,6.482204437255859,4.5,1.9822044372558594,1.0,2.0,1.0,2.0,6.5,-0.5
2024-10-28,XGBoost,7.75,6.752864360809326,6.5,0.25286436080932617,0.0,1.25,1.0,0.0,6.5,-0.5
2024-10-29,XGBoost,7.75,7.01184606552124,7.75,-0.7381539344787598,-1.0,0.0,1.0,-0.0,6.5,-0.5
2024-10-30,XGBoost,7.5,7.318734169006348,7.75,-0.43126583099365234,0.0,-0.25,1.0,-0.0,6.5,-0.5
2024-10-31,XGBoost,17.0,7.427135944366455,7.5,-0.07286405563354492,0.0,9.5,0.0,0.0,6.5,-0.5
2024-11-01,XGBoost,14.25,14.67663288116455,17.0,-2.323367118835449,-1.0,-2.75,1.0,2.75,9.25,0.0
2024-11-04,XGBoost,11.0,14.764358520507812,14.25,0.5143585205078125,1.0,-3.25,2.0,-3.25,6.0,-3.25
2024-11-05,XGBoost,8.75,9.88442611694336,11.0,-1.1155738830566406,-1.0,-2.25,2.0,2.25,8.25,-1.0
2024-11-06,XGBoost,7.0,9.814094543457031,8.75,1.0640945434570312,1.0,-1.75,2.0,-1.75,6.5,-2.75
2024-11-07,XGBoost,7.0,7.572782039642334,7.0,0.572782039642334,1.0,0.0,0.0,0.0,6.5,-2.75
2024-11-08,XGBoost,6.5,6.950850486755371,7.0,-0.049149513244628906,0.0,-0.5,1.0,-0.0,6.5,-2.75
2024-11-11,XGBoost,5.75,6.851430892944336,6.5,0.35143089294433594,0.0,-0.75,0.0,-0.0,6.5,-2.75
2024-11-12,XGBoost,5.5,5.850089073181152,5.75,0.10008907318115234,0.0,-0.25,0.0,-0.0,6.5,-2.75
2024-11-13,XGBoost,6.0,6.754497528076172,5.5,1.2544975280761719,1.0,0.5,1.0,0.5,7.0,-2.25
2024-11-14,XGBoost,3.75,7.179861068725586,6.0,1.179861068725586,1.0,-2.25,0.0,-2.25,4.75,-4.5
2024-11-15,XGBoost,3.5,4.677412033081055,3.75,0.9274120330810547,1.0,-0.25,0.0,-0.25,4.5,-4.75
2024-11-18,XGBoost,2.25,4.615482807159424,3.5,1.1154828071594238,1.0,-1.25,0.0,-1.25,3.25,-6.0
2024-11-19,XGBoost,0.75,4.21280574798584,2.25,1.9628057479858398,1.0,-1.5,0.0,-1.5,1.75,-7.5
2024-11-20,XGBoost,-1.5,1.3942720890045166,0.75,0.6442720890045166,1.0,-2.25,0.0,-2.25,-0.5,-9.75
2024-11-21,XGBoost,-1.5,-0.967999279499054,-1.5,0.532000720500946,1.0,0.0,0.0,0.0,-0.5,-9.75
2024-11-22,XGBoost,-2.0,-1.0592501163482666,-1.5,0.4407498836517334,0.0,-0.5,1.0,-0.0,-0.5,-9.75
2024-11-25,XGBoost,-3.5,-1.1337956190109253,-2.0,0.8662043809890747,1.0,-1.5,1.0,-1.5,-2.0,-11.25
2024-11-26,XGBoost,-3.5,-1.6901172399520874,-3.5,1.8098827600479126,1.0,0.0,0.0,0.0,-2.0,-11.25
2024-11-27,XGBoost,-3.5,-1.737890362739563,-3.5,1.762109637260437,1.0,0.0,0.0,0.0,-2.0,-11.25
2024-11-28,XGBoost,-3.75,-1.7567691802978516,-3.5,1.7432308197021484,1.0,-0.25,0.0,-0.25,-2.25,-11.5
2024-11-29,XGBoost,-7.5,-3.006929397583008,-3.75,0.7430706024169922,1.0,-3.75,0.0,-3.75,-6.0,-15.25
2024-12-02,XGBoost,-11.0,-7.076099395751953,-7.5,0.4239006042480469,0.0,-3.5,1.0,-0.0,-6.0,-15.25
2024-12-03,XGBoost,-13.25,-10.349597930908203,-11.0,0.6504020690917969,1.0,-2.25,1.0,-2.25,-8.25,-17.5
2024-12-04,XGBoost,-11.25,-13.4964599609375,-13.25,-0.2464599609375,0.0,2.0,1.0,0.0,-8.25,-17.5
2024-12-05,XGBoost,-3.25,-12.362035751342773,-11.25,-1.1120357513427734,-1.0,8.0,1.0,-8.0,-16.25,-25.5
2024-12-06,XGBoost,-4.0,-5.059324264526367,-3.25,-1.8093242645263672,-1.0,-0.75,0.0,0.75,-15.5,-24.75
2024-12-09,XGBoost,-5.25,-3.4923324584960938,-4.0,0.5076675415039062,1.0,-1.25,2.0,-1.25,-16.75,-26.0
2024-12-10,XGBoost,-5.75,-5.910390853881836,-5.25,-0.6603908538818359,-1.0,-0.5,2.0,0.5,-16.25,-25.5
2024-12-11,XGBoost,-6.0,-6.36065149307251,-5.75,-0.6106514930725098,-1.0,-0.25,0.0,0.25,-16.0,-25.25
2024-12-12,XGBoost,-6.5,-6.000882625579834,-6.0,-0.0008826255798339844,0.0,-0.5,1.0,-0.0,-16.0,-25.25
2024-12-13,XGBoost,-6.25,-5.851792335510254,-6.5,0.6482076644897461,1.0,0.25,1.0,0.25,-15.75,-25.0
2024-12-16,XGBoost,-2.0,-6.4280548095703125,-6.25,-0.1780548095703125,0.0,4.25,1.0,0.0,-15.75,-25.0
2024-12-17,XGBoost,0.5,-3.1587936878204346,-2.0,-1.1587936878204346,-1.0,2.5,1.0,-2.5,-18.25,-27.5
2024-12-18,XGBoost,4.0,-0.6666573882102966,0.5,-1.1666573882102966,-1.0,3.5,0.0,-3.5,-21.75,-31.0
2024-12-19,XGBoost,4.0,1.968919038772583,4.0,-2.031080961227417,-1.0,0.0,0.0,-0.0,-21.75,-31.0
2024-12-20,XGBoost,4.5,4.761124610900879,4.0,0.7611246109008789,1.0,0.5,2.0,0.5,-21.25,-30.5
2024-12-23,XGBoost,5.5,6.28530216217041,4.5,1.7853021621704102,1.0,1.0,0.0,1.0,-20.25,-29.5
2024-12-24,XGBoost,5.0,6.54606294631958,5.5,1.04606294631958,1.0,-0.5,0.0,-0.5,-20.75,-30.0
2024-12-27,XGBoost,6.0,6.483180046081543,5.0,1.483180046081543,1.0,1.0,0.0,1.0,-19.75,-29.0
2024-12-30,XGBoost,5.0,6.70169734954834,6.0,0.7016973495483398,1.0,-1.0,0.0,-1.0,-20.75,-30.0
2024-12-31,XGBoost,14.5,6.646347522735596,5.0,1.6463475227355957,1.0,9.5,0.0,9.5,-11.25,-20.5
2025-01-02,XGBoost,11.25,12.673394203186035,14.5,-1.8266057968139648,-1.0,-3.25,2.0,3.25,-8.0,-17.25
2025-01-03,XGBoost,8.25,11.682117462158203,11.25,0.4321174621582031,0.0,-3.0,1.0,-0.0,-8.0,-17.25
2025-01-06,XGBoost,3.25,9.037064552307129,8.25,0.7870645523071289,1.0,-5.0,1.0,-5.0,-13.0,-22.25
2025-01-07,XGBoost,1.25,4.895294189453125,3.25,1.645294189453125,1.0,-2.0,0.0,-2.0,-15.0,-24.25
2025-01-08,XGBoost,-4.0,3.2295520305633545,1.25,1.9795520305633545,1.0,-5.25,0.0,-5.25,-20.25,-29.5
2025-01-09,XGBoost,-5.75,-1.466671109199524,-4.0,2.533328890800476,1.0,-1.75,0.0,-1.75,-22.0,-31.25
2025-01-10,XGBoost,-3.5,-5.910639762878418,-5.75,-0.16063976287841797,0.0,2.25,1.0,0.0,-22.0,-31.25
2025-01-13,XGBoost,-1.25,-3.8302698135375977,-3.5,-0.33026981353759766,0.0,2.25,0.0,0.0,-22.0,-31.25
2025-01-14,XGBoost,3.0,-3.5134501457214355,-1.25,-2.2634501457214355,-1.0,4.25,1.0,-4.25,-26.25,-35.5
2025-01-15,XGBoost,3.25,0.7271742224693298,3.0,-2.27282577753067,-1.0,0.25,0.0,-0.25,-26.5,-35.75
2025-01-16,XGBoost,2.0,2.4534215927124023,3.25,-0.7965784072875977,-1.0,-1.25,0.0,1.25,-25.25,-34.5
2025-01-17,XGBoost,2.0,2.084129810333252,2.0,0.08412981033325195,0.0,0.0,1.0,0.0,-25.25,-34.5
2025-01-20,XGBoost,2.0,1.4933085441589355,2.0,-0.5066914558410645,-1.0,0.0,1.0,-0.0,-25.25,-34.5
2025-01-21,XGBoost,2.75,1.6089355945587158,2.0,-0.3910644054412842,0.0,0.75,1.0,0.0,-25.25,-34.5
2025-01-22,XGBoost,2.5,4.233549118041992,2.75,1.4835491180419922,1.0,-0.25,1.0,-0.25,-25.5,-34.75
2025-01-23,XGBoost,4.5,4.704654693603516,2.5,2.2046546936035156,1.0,2.0,0.0,2.0,-23.5,-32.75
2025-01-24,XGBoost,2.0,5.750725269317627,4.5,1.250725269317627,1.0,-2.5,0.0,-2.5,-26.0,-35.25
2025-01-27,XGBoost,1.75,3.3967113494873047,2.0,1.3967113494873047,1.0,-0.25,0.0,-0.25,-26.25,-35.5
2025-01-28,XGBoost,3.5,2.2866034507751465,1.75,0.5366034507751465,1.0,1.75,0.0,1.75,-24.5,-33.75
2025-01-29,XGBoost,3.5,3.131998300552368,3.5,-0.36800169944763184,0.0,0.0,1.0,0.0,-24.5,-33.75
2025-01-30,XGBoost,3.25,3.7357475757598877,3.5,0.2357475757598877,0.0,-0.25,0.0,-0.0,-24.5,-33.75
2025-01-31,XGBoost,13.25,4.680532455444336,3.25,1.430532455444336,1.0,10.0,1.0,10.0,-14.5,-23.75
2025-02-03,XGBoost,13.5,12.227651596069336,13.25,-1.022348403930664,-1.0,0.25,2.0,-0.25,-14.75,-24.0
2025-02-04,XGBoost,13.25,13.473990440368652,13.5,-0.026009559631347656,0.0,-0.25,1.0,-0.0,-14.75,-24.0
2025-02-05,XGBoost,14.0,13.172341346740723,13.25,-0.07765865325927734,0.0,0.75,0.0,0.0,-14.75,-24.0
2025-02-06,XGBoost,17.25,13.692824363708496,14.0,-0.3071756362915039,0.0,3.25,0.0,0.0,-14.75,-24.0
2025-02-07,XGBoost,14.5,15.863678932189941,17.25,-1.3863210678100586,-1.0,-2.75,1.0,2.75,-12.0,-21.25
2025-02-10,XGBoost,15.0,15.501700401306152,14.5,1.0017004013061523,1.0,0.5,2.0,0.5,-11.5,-20.75
2025-02-11,XGBoost,12.25,15.400586128234863,15.0,0.4005861282348633,0.0,-2.75,1.0,-0.0,-11.5,-20.75
2025-02-12,XGBoost,11.5,13.225764274597168,12.25,0.975764274597168,1.0,-0.75,1.0,-0.75,-12.25,-21.5
2025-02-13,XGBoost,12.25,12.97941780090332,11.5,1.4794178009033203,1.0,0.75,0.0,0.75,-11.5,-20.75
2025-02-14,XGBoost,10.5,12.085502624511719,12.25,-0.16449737548828125,0.0,-1.75,1.0,-0.0,-11.5,-20.75
2025-02-17,XGBoost,12.5,10.70553970336914,10.5,0.20553970336914062,0.0,2.0,0.0,0.0,-11.5,-20.75
2025-02-18,XGBoost,13.0,11.972037315368652,12.5,-0.5279626846313477,-1.0,0.5,1.0,-0.5,-12.0,-21.25
2025-02-19,XGBoost,9.25,13.581916809082031,13.0,0.5819168090820312,1.0,-3.75,2.0,-3.75,-15.75,-25.0
2025-02-20,XGBoost,9.0,9.847977638244629,9.25,0.5979776382446289,1.0,-0.25,0.0,-0.25,-16.0,-25.25
2025-02-21,XGBoost,13.0,10.514610290527344,9.0,1.5146102905273438,1.0,4.0,0.0,4.0,-12.0,-21.25
2025-02-24,XGBoost,14.5,14.233695983886719,13.0,1.2336959838867188,1.0,1.5,0.0,1.5,-10.5,-19.75
2025-02-25,XGBoost,16.75,15.463037490844727,14.5,0.9630374908447266,1.0,2.25,0.0,2.25,-8.25,-17.5
2025-02-26,XGBoost,16.25,16.411415100097656,16.75,-0.33858489990234375,0.0,-0.5,1.0,-0.0,-8.25,-17.5
2025-02-27,XGBoost,7.25,16.55228614807129,16.25,0.30228614807128906,0.0,-9.0,0.0,-0.0,-8.25,-17.5
2025-02-28,XGBoost,18.75,9.480607986450195,7.25,2.2306079864501953,1.0,11.5,1.0,11.5,3.25,-6.0
2025-03-03,XGBoost,16.75,15.552306175231934,18.75,-3.1976938247680664,-1.0,-2.0,2.0,2.0,5.25,-4.0
2025-03-04,XGBoost,12.75,16.61610984802246,16.75,-0.13389015197753906,0.0,-4.0,1.0,-0.0,5.25,-4.0
2025-03-05,XGBoost,11.0,15.418020248413086,12.75,2.668020248413086,1.0,-1.75,1.0,-1.75,3.5,-5.75
2025-03-06,XGBoost,11.25,11.18563461303711,11.0,0.18563461303710938,0.0,0.25,1.0,0.0,3.5,-5.75
2025-03-07,XGBoost,10.5,11.040740966796875,11.25,-0.209259033203125,0.0,-0.75,0.0,-0.0,3.5,-5.75
2025-03-10,XGBoost,11.25,9.454113006591797,10.5,-1.0458869934082031,-1.0,0.75,1.0,-0.75,2.75,-6.5
2025-03-11,XGBoost,9.75,11.48714828491211,11.25,0.23714828491210938,0.0,-1.5,1.0,-0.0,2.75,-6.5
2025-03-12,XGBoost,6.25,8.697600364685059,9.75,-1.0523996353149414,-1.0,-3.5,1.0,3.5,6.25,-3.0
2025-03-13,XGBoost,7.0,6.530346870422363,6.25,0.2803468704223633,0.0,0.75,1.0,0.0,6.25,-3.0
2025-03-14,XGBoost,7.0,6.06817102432251,7.0,-0.9318289756774902,-1.0,0.0,1.0,-0.0,6.25,-3.0
2025-03-17,XGBoost,6.75,6.223805904388428,7.0,-0.7761940956115723,-1.0,-0.25,0.0,0.25,6.5,-2.75
2025-03-18,XGBoost,6.5,6.912801265716553,6.75,0.16280126571655273,0.0,-0.25,1.0,-0.0,6.5,-2.75
2025-03-19,XGBoost,6.5,6.452371120452881,6.5,-0.04762887954711914,0.0,0.0,0.0,0.0,6.5,-2.75
2025-03-20,XGBoost,3.75,6.512402057647705,6.5,0.012402057647705078,0.0,-2.75,0.0,-0.0,6.5,-2.75
2025-03-21,XGBoost,2.5,5.496635437011719,3.75,1.7466354370117188,1.0,-1.25,1.0,-1.25,5.25,-4.0
2025-03-24,XGBoost,-1.5,5.514298439025879,2.5,3.014298439025879,1.0,-4.0,0.0,-4.0,1.25,-8.0
2025-03-25,XGBoost,1.75,0.5982692241668701,-1.5,2.09826922416687,1.0,3.25,0.0,3.25,4.5,-4.75
2025-03-26,XGBoost,-0.75,2.5680992603302,1.75,0.8180992603302002,1.0,-2.5,0.0,-2.5,2.0,-7.25
2025-03-27,XGBoost,1.5,1.4402302503585815,-0.75,2.1902302503585815,1.0,2.25,0.0,2.25,4.25,-5.0
2025-03-28,XGBoost,0.25,2.1294872760772705,1.5,0.6294872760772705,1.0,-1.25,0.0,-1.25,3.0,-6.25
2025-03-31,XGBoost,1.5,1.1279610395431519,0.25,0.8779610395431519,1.0,1.25,0.0,1.25,4.25,-5.0
2025-04-01,XGBoost,0.5,1.9655860662460327,1.5,0.4655860662460327,0.0,-1.0,1.0,-0.0,4.25,-5.0
2025-04-02,XGBoost,-1.25,0.7875690460205078,0.5,0.2875690460205078,0.0,-1.75,0.0,-0.0,4.25,-5.0
2025-04-03,XGBoost,-1.0,-0.8686147928237915,-1.25,0.3813852071762085,0.0,0.25,0.0,0.0,4.25,-5.0
2025-04-04,XGBoost,-2.0,-2.013211727142334,-1.0,-1.013211727142334,-1.0,-1.0,1.0,1.0,5.25,-4.0
2025-04-07,XGBoost,-1.75,-2.195668935775757,-2.0,-0.19566893577575684,0.0,0.25,1.0,0.0,5.25,-4.0
2025-04-08,XGBoost,0.5,-2.313157796859741,-1.75,-0.5631577968597412,-1.0,2.25,1.0,-2.25,3.0,-6.25
2025-04-09,XGBoost,0.0,-0.4381040036678314,0.5,-0.9381040036678314,-1.0,-0.5,0.0,0.5,3.5,-5.75
2025-04-10,XGBoost,1.0,-0.24310635030269623,0.0,-0.24310635030269623,0.0,1.0,1.0,0.0,3.5,-5.75
2025-04-11,XGBoost,4.75,0.5958842039108276,1.0,-0.40411579608917236,0.0,3.75,0.0,0.0,3.5,-5.75
2025-04-14,XGBoost,4.75,4.556997776031494,4.75,-0.19300222396850586,0.0,0.0,0.0,0.0,3.5,-5.75
2025-04-15,XGBoost,5.0,5.376123905181885,4.75,0.6261239051818848,1.0,0.25,1.0,0.25,3.75,-5.5
2025-04-16,XGBoost,7.75,5.681556701660156,5.0,0.6815567016601562,1.0,2.75,0.0,2.75,6.5,-2.75
2025-04-17,XGBoost,6.5,6.1232991218566895,7.75,-1.6267008781433105,-1.0,-1.25,2.0,1.25,7.75,-1.5
2025-04-22,XGBoost,6.25,6.68651819229126,6.5,0.18651819229125977,0.0,-0.25,1.0,-0.0,7.75,-1.5
2025-04-23,XGBoost,6.0,6.821818828582764,6.25,0.5718188285827637,1.0,-0.25,1.0,-0.25,7.5,-1.75
2025-04-24,XGBoost,5.75,6.796184539794922,6.0,0.7961845397949219,1.0,-0.25,0.0,-0.25,7.25,-2.0
2025-04-25,XGBoost,5.5,6.902945518493652,5.75,1.1529455184936523,1.0,-0.25,0.0,-0.25,7.0,-2.25
2025-04-28,XGBoost,7.25,6.621249675750732,5.5,1.1212496757507324,1.0,1.75,0.0,1.75,8.75,-0.5
2025-04-29,XGBoost,6.75,7.111480712890625,7.25,-0.138519287109375,0.0,-0.5,1.0,-0.0,8.75,-0.5
2025-04-30,XGBoost,16.25,7.313018798828125,6.75,0.563018798828125,1.0,9.5,1.0,9.5,18.25,0.0
2025-05-01,XGBoost,15.75,14.743825912475586,16.25,-1.506174087524414,-1.0,-0.5,2.0,0.5,18.75,0.0
2025-05-02,XGBoost,12.75,16.385238647460938,15.75,0.6352386474609375,1.0,-3.0,2.0,-3.0,15.75,-3.0
2025-05-06,XGBoost,14.5,14.834935188293457,12.75,2.084935188293457,1.0,1.75,0.0,1.75,17.5,-1.25
2025-05-07,XGBoost,16.5,14.719815254211426,14.5,0.21981525421142578,0.0,2.0,1.0,0.0,17.5,-1.25
2025-05-08,XGBoost,13.0,15.81937026977539,16.5,-0.6806297302246094,-1.0,-3.5,1.0,3.5,21.0,0.0
2025-05-09,XGBoost,12.0,14.362499237060547,13.0,1.3624992370605469,1.0,-1.0,2.0,-1.0,20.0,-1.0
2025-05-12,XGBoost,12.0,12.631690979003906,12.0,0.6316909790039062,1.0,0.0,0.0,0.0,20.0,-1.0
2025-05-13,XGBoost,13.25,12.395646095275879,12.0,0.3956460952758789,0.0,1.25,1.0,0.0,20.0,-1.0
2025-05-14,XGBoost,11.75,13.820252418518066,13.25,0.5702524185180664,1.0,-1.5,1.0,-1.5,18.5,-2.5
2025-05-15,XGBoost,13.0,12.837071418762207,11.75,1.087071418762207,1.0,1.25,0.0,1.25,19.75,-1.25
2025-05-16,XGBoost,11.25,13.145873069763184,13.0,0.1458730697631836,0.0,-1.75,1.0,-0.0,19.75,-1.25
2025-05-19,XGBoost,9.75,12.036502838134766,11.25,0.7865028381347656,1.0,-1.5,1.0,-1.5,18.25,-2.75
2025-05-20,XGBoost,8.5,9.852684020996094,9.75,0.10268402099609375,0.0,-1.25,1.0,-0.0,18.25,-2.75
2025-05-21,XGBoost,6.25,9.55817985534668,8.5,1.0581798553466797,1.0,-2.25,1.0,-2.25,16.0,-5.0
2025-05-22,XGBoost,5.25,7.698873043060303,6.25,1.4488730430603027,1.0,-1.0,0.0,-1.0,15.0,-6.0
2025-05-23,XGBoost,4.5,6.885035037994385,5.25,1.6350350379943848,1.0,-0.75,0.0,-0.75,14.25,-6.75
2025-05-27,XGBoost,4.25,6.53685188293457,4.5,2.0368518829345703,1.0,-0.25,0.0,-0.25,14.0,-7.0
2025-05-28,XGBoost,4.0,5.367232322692871,4.25,1.117232322692871,1.0,-0.25,0.0,-0.25,13.75,-7.25
2025-05-29,XGBoost,3.75,5.255719184875488,4.0,1.2557191848754883,1.0,-0.25,0.0,-0.25,13.5,-7.5
2025-05-30,XGBoost,3.5,4.752511501312256,3.75,1.0025115013122559,1.0,-0.25,0.0,-0.25,13.25,-7.75
2025-06-02,XGBoost,2.0,4.4890947341918945,3.5,0.9890947341918945,1.0,-1.5,0.0,-1.5,11.75,-9.25
2025-06-03,XGBoost,1.0,3.5372867584228516,2.0,1.5372867584228516,1.0,-1.0,0.0,-1.0,10.75,-10.25
2025-06-04,XGBoost,0.25,2.012974500656128,1.0,1.012974500656128,1.0,-0.75,0.0,-0.75,10.0,-11.0
2025-06-05,XGBoost,0.75,1.1792594194412231,0.25,0.9292594194412231,1.0,0.5,0.0,0.5,10.5,-10.5
2025-06-06,XGBoost,0.5,0.9260969758033752,0.75,0.17609697580337524,0.0,-0.25,1.0,-0.0,10.5,-10.5
2025-06-09,XGBoost,3.25,0.9147468209266663,0.5,0.41474682092666626,0.0,2.75,0.0,0.0,10.5,-10.5
2025-06-10,XGBoost,4.75,3.1297545433044434,3.25,-0.12024545669555664,0.0,1.5,0.0,0.0,10.5,-10.5
2025-06-11,XGBoost,5.25,6.220163345336914,4.75,1.470163345336914,1.0,0.5,1.0,0.5,11.0,-10.0
2025-06-12,XGBoost,5.0,6.3749098777771,5.25,1.1249098777770996,1.0,-0.25,0.0,-0.25,10.75,-10.25
2025-06-13,XGBoost,4.5,6.516658782958984,5.0,1.5166587829589844,1.0,-0.5,0.0,-0.5,10.25,-10.75
2025-06-16,XGBoost,3.5,6.364051818847656,4.5,1.8640518188476562,1.0,-1.0,0.0,-1.0,9.25,-11.75
2025-06-17,XGBoost,2.0,4.529628753662109,3.5,1.0296287536621094,1.0,-1.5,0.0,-1.5,7.75,-13.25
2025-06-18,XGBoost,-0.25,3.6354565620422363,2.0,1.6354565620422363,1.0,-2.25,0.0,-2.25,5.5,-15.5
2025-06-19,XGBoost,-1.0,1.618921160697937,-0.25,1.868921160697937,1.0,-0.75,0.0,-0.75,4.75,-16.25
2025-06-20,XGBoost,-1.5,-0.7343356013298035,-1.0,0.26566439867019653,0.0,-0.5,1.0,-0.0,4.75,-16.25
2025-06-23,XGBoost,-2.75,-1.1044580936431885,-1.5,0.3955419063568115,0.0,-1.25,0.0,-0.0,4.75,-16.25
2025-06-24,XGBoost,-2.75,-0.5924059748649597,-2.75,2.1575940251350403,1.0,0.0,1.0,0.0,4.75,-16.25
2025-06-25,XGBoost,-2.75,-1.1317936182022095,-2.75,1.6182063817977905,1.0,0.0,0.0,0.0,4.75,-16.25
2025-06-26,XGBoost,-2.75,-1.0729329586029053,-2.75,1.6770670413970947,1.0,0.0,0.0,0.0,4.75,-16.25
2025-06-27,XGBoost,-2.75,-1.8135099411010742,-2.75,0.9364900588989258,1.0,0.0,0.0,0.0,4.75,-16.25
2025-06-30,XGBoost,-3.75,-1.1897711753845215,-2.75,1.5602288246154785,1.0,-1.0,0.0,-1.0,3.75,-17.25
2025-07-01,XGBoost,-3.75,-1.9029746055603027,-3.75,1.8470253944396973,1.0,0.0,0.0,0.0,3.75,-17.25
2025-07-02,XGBoost,-4.5,-2.1031086444854736,-3.75,1.6468913555145264,1.0,-0.75,0.0,-0.75,3.0,-18.0
2025-07-03,XGBoost,-4.5,-2.3107903003692627,-4.5,2.1892096996307373,1.0,0.0,0.0,0.0,3.0,-18.0
2025-07-04,XGBoost,-2.75,-1.960747241973877,-4.5,2.539252758026123,1.0,1.75,0.0,1.75,4.75,-16.25
2025-07-07,XGBoost,-2.0,-1.4858072996139526,-2.75,1.2641927003860474,1.0,0.75,0.0,0.75,5.5,-15.5
2025-07-08,XGBoost,-2.75,-1.7793561220169067,-2.0,0.22064387798309326,0.0,-0.75,1.0,-0.0,5.5,-15.5
2025-07-09,XGBoost,-3.0,-1.9787057638168335,-2.75,0.7712942361831665,1.0,-0.25,1.0,-0.25,5.25,-15.75
2025-07-10,XGBoost,-3.25,-2.0698933601379395,-3.0,0.9301066398620605,1.0,-0.25,0.0,-0.25,5.0,-16.0
2025-07-11,XGBoost,-3.0,-1.16841459274292,-3.25,2.08158540725708,1.0,0.25,0.0,0.25,5.25,-15.75
2025-07-14,XGBoost,-3.25,-1.328171730041504,-3.0,1.671828269958496,1.0,-0.25,0.0,-0.25,5.0,-16.0
2025-07-15,XGBoost,-3.0,-0.8905560970306396,-3.25,2.3594439029693604,1.0,0.25,0.0,0.25,5.25,-15.75
2025-07-16,XGBoost,-2.75,-1.1958330869674683,-3.0,1.8041669130325317,1.0,0.25,0.0,0.25,5.5,-15.5
2025-07-17,XGBoost,-3.0,-0.9082358479499817,-2.75,1.8417641520500183,1.0,-0.25,0.0,-0.25,5.25,-15.75
2025-07-18,XGBoost,-3.25,-0.9183332920074463,-3.0,2.0816667079925537,1.0,-0.25,0.0,-0.25,5.0,-16.0
2025-07-21,XGBoost,-3.25,-1.2523499727249146,-3.25,1.9976500272750854,1.0,0.0,0.0,0.0,5.0,-16.0
2025-07-22,XGBoost,-3.0,-1.148979663848877,-3.25,2.101020336151123,1.0,0.25,0.0,0.25,5.25,-15.75
