date,model,current_cash_diff,actual_next_cash_diff,actual_change,predicted_change,predicted_next_cash_diff,signal,gross_return,cost,strategy_return,cumulative_return
2024-09-09,ZeroChange,1.5,-2.75,-4.25,0.0,1.5,0,-0.0,0.0,-0.0,-0.0
2024-09-10,ZeroChange,-2.75,-1.5,1.25,0.0,-2.75,0,0.0,0.0,0.0,0.0
2024-09-11,ZeroChange,-1.5,3.0,4.5,0.0,-1.5,0,0.0,0.0,0.0,0.0
2024-09-12,ZeroChange,3.0,3.75,0.75,0.0,3.0,0,0.0,0.0,0.0,0.0
2024-09-13,ZeroChange,3.75,3.75,0.0,0.0,3.75,0,0.0,0.0,0.0,0.0
2024-09-16,ZeroChange,3.75,4.75,1.0,0.0,3.75,0,0.0,0.0,0.0,0.0
2024-09-17,ZeroChange,4.75,5.0,0.25,0.0,4.75,0,0.0,0.0,0.0,0.0
2024-09-18,ZeroChange,5.0,5.0,0.0,0.0,5.0,0,0.0,0.0,0.0,0.0
2024-09-19,ZeroChange,5.0,7.0,2.0,0.0,5.0,0,0.0,0.0,0.0,0.0
2024-09-20,ZeroChange,7.0,3.5,-3.5,0.0,7.0,0,-0.0,0.0,-0.0,0.0
2024-09-23,ZeroChange,3.5,3.25,-0.25,0.0,3.5,0,-0.0,0.0,-0.0,0.0
2024-09-24,ZeroChange,3.25,3.0,-0.25,0.0,3.25,0,-0.0,0.0,-0.0,0.0
2024-09-25,ZeroChange,3.0,3.0,0.0,0.0,3.0,0,0.0,0.0,0.0,0.0
2024-09-26,ZeroChange,3.0,2.75,-0.25,0.0,3.0,0,-0.0,0.0,-0.0,0.0
2024-09-27,ZeroChange,2.75,1.25,-1.5,0.0,2.75,0,-0.0,0.0,-0.0,0.0
2024-09-30,ZeroChange,1.25,-2.75,-4.0,0.0,1.25,0,-0.0,0.0,-0.0,0.0
2024-10-01,ZeroChange,-2.75,0.5,3.25,0.0,-2.75,0,0.0,0.0,0.0,0.0
2024-10-02,ZeroChange,0.5,0.0,-0.5,0.0,0.5,0,-0.0,0.0,-0.0,0.0
2024-10-03,ZeroChange,0.0,5.0,5.0,0.0,0.0,0,0.0,0.0,0.0,0.0
2024-10-04,ZeroChange,5.0,3.5,-1.5,0.0,5.0,0,-0.0,0.0,-0.0,0.0
2024-10-07,ZeroChange,3.5,1.25,-2.25,0.0,3.5,0,-0.0,0.0,-0.0,0.0
2024-10-08,ZeroChange,1.25,1.5,0.25,0.0,1.25,0,0.0,0.0,0.0,0.0
2024-10-09,ZeroChange,1.5,0.5,-1.0,0.0,1.5,0,-0.0,0.0,-0.0,0.0
2024-10-10,ZeroChange,0.5,1.0,0.5,0.0,0.5,0,0.0,0.0,0.0,0.0
2024-10-11,ZeroChange,1.0,0.5,-0.5,0.0,1.0,0,-0.0,0.0,-0.0,0.0
2024-10-14,ZeroChange,0.5,1.5,1.0,0.0,0.5,0,0.0,0.0,0.0,0.0
2024-10-15,ZeroChange,1.5,-1.25,-2.75,0.0,1.5,0,-0.0,0.0,-0.0,0.0
2024-10-16,ZeroChange,-1.25,-2.5,-1.25,0.0,-1.25,0,-0.0,0.0,-0.0,0.0
2024-10-17,ZeroChange,-2.5,-1.25,1.25,0.0,-2.5,0,0.0,0.0,0.0,0.0
2024-10-18,ZeroChange,-1.25,-0.75,0.5,0.0,-1.25,0,0.0,0.0,0.0,0.0
2024-10-21,ZeroChange,-0.75,-1.0,-0.25,0.0,-0.75,0,-0.0,0.0,-0.0,0.0
2024-10-22,ZeroChange,-1.0,1.0,2.0,0.0,-1.0,0,0.0,0.0,0.0,0.0
2024-10-23,ZeroChange,1.0,3.0,2.0,0.0,1.0,0,0.0,0.0,0.0,0.0
2024-10-24,ZeroChange,3.0,4.5,1.5,0.0,3.0,0,0.0,0.0,0.0,0.0
2024-10-25,ZeroChange,4.5,6.5,2.0,0.0,4.5,0,0.0,0.0,0.0,0.0
2024-10-28,ZeroChange,6.5,7.75,1.25,0.0,6.5,0,0.0,0.0,0.0,0.0
2024-10-29,ZeroChange,7.75,7.75,0.0,0.0,7.75,0,0.0,0.0,0.0,0.0
2024-10-30,ZeroChange,7.75,7.5,-0.25,0.0,7.75,0,-0.0,0.0,-0.0,0.0
2024-10-31,ZeroChange,7.5,17.0,9.5,0.0,7.5,0,0.0,0.0,0.0,0.0
2024-11-01,ZeroChange,17.0,14.25,-2.75,0.0,17.0,0,-0.0,0.0,-0.0,0.0
2024-11-04,ZeroChange,14.25,11.0,-3.25,0.0,14.25,0,-0.0,0.0,-0.0,0.0
2024-11-05,ZeroChange,11.0,8.75,-2.25,0.0,11.0,0,-0.0,0.0,-0.0,0.0
2024-11-06,ZeroChange,8.75,7.0,-1.75,0.0,8.75,0,-0.0,0.0,-0.0,0.0
2024-11-07,ZeroChange,7.0,7.0,0.0,0.0,7.0,0,0.0,0.0,0.0,0.0
2024-11-08,ZeroChange,7.0,6.5,-0.5,0.0,7.0,0,-0.0,0.0,-0.0,0.0
2024-11-11,ZeroChange,6.5,5.75,-0.75,0.0,6.5,0,-0.0,0.0,-0.0,0.0
2024-11-12,ZeroChange,5.75,5.5,-0.25,0.0,5.75,0,-0.0,0.0,-0.0,0.0
2024-11-13,ZeroChange,5.5,6.0,0.5,0.0,5.5,0,0.0,0.0,0.0,0.0
2024-11-14,ZeroChange,6.0,3.75,-2.25,0.0,6.0,0,-0.0,0.0,-0.0,0.0
2024-11-15,ZeroChange,3.75,3.5,-0.25,0.0,3.75,0,-0.0,0.0,-0.0,0.0
2024-11-18,ZeroChange,3.5,2.25,-1.25,0.0,3.5,0,-0.0,0.0,-0.0,0.0
2024-11-19,ZeroChange,2.25,0.75,-1.5,0.0,2.25,0,-0.0,0.0,-0.0,0.0
2024-11-20,ZeroChange,0.75,-1.5,-2.25,0.0,0.75,0,-0.0,0.0,-0.0,0.0
2024-11-21,ZeroChange,-1.5,-1.5,0.0,0.0,-1.5,0,0.0,0.0,0.0,0.0
2024-11-22,ZeroChange,-1.5,-2.0,-0.5,0.0,-1.5,0,-0.0,0.0,-0.0,0.0
2024-11-25,ZeroChange,-2.0,-3.5,-1.5,0.0,-2.0,0,-0.0,0.0,-0.0,0.0
2024-11-26,ZeroChange,-3.5,-3.5,0.0,0.0,-3.5,0,0.0,0.0,0.0,0.0
2024-11-27,ZeroChange,-3.5,-3.5,0.0,0.0,-3.5,0,0.0,0.0,0.0,0.0
2024-11-28,ZeroChange,-3.5,-3.75,-0.25,0.0,-3.5,0,-0.0,0.0,-0.0,0.0
2024-11-29,ZeroChange,-3.75,-7.5,-3.75,0.0,-3.75,0,-0.0,0.0,-0.0,0.0
2024-12-02,ZeroChange,-7.5,-11.0,-3.5,0.0,-7.5,0,-0.0,0.0,-0.0,0.0
2024-12-03,ZeroChange,-11.0,-13.25,-2.25,0.0,-11.0,0,-0.0,0.0,-0.0,0.0
2024-12-04,ZeroChange,-13.25,-11.25,2.0,0.0,-13.25,0,0.0,0.0,0.0,0.0
2024-12-05,ZeroChange,-11.25,-3.25,8.0,0.0,-11.25,0,0.0,0.0,0.0,0.0
2024-12-06,ZeroChange,-3.25,-4.0,-0.75,0.0,-3.25,0,-0.0,0.0,-0.0,0.0
2024-12-09,ZeroChange,-4.0,-5.25,-1.25,0.0,-4.0,0,-0.0,0.0,-0.0,0.0
2024-12-10,ZeroChange,-5.25,-5.75,-0.5,0.0,-5.25,0,-0.0,0.0,-0.0,0.0
2024-12-11,ZeroChange,-5.75,-6.0,-0.25,0.0,-5.75,0,-0.0,0.0,-0.0,0.0
2024-12-12,ZeroChange,-6.0,-6.5,-0.5,0.0,-6.0,0,-0.0,0.0,-0.0,0.0
2024-12-13,ZeroChange,-6.5,-6.25,0.25,0.0,-6.5,0,0.0,0.0,0.0,0.0
2024-12-16,ZeroChange,-6.25,-2.0,4.25,0.0,-6.25,0,0.0,0.0,0.0,0.0
2024-12-17,ZeroChange,-2.0,0.5,2.5,0.0,-2.0,0,0.0,0.0,0.0,0.0
2024-12-18,ZeroChange,0.5,4.0,3.5,0.0,0.5,0,0.0,0.0,0.0,0.0
2024-12-19,ZeroChange,4.0,4.0,0.0,0.0,4.0,0,0.0,0.0,0.0,0.0
2024-12-20,ZeroChange,4.0,4.5,0.5,0.0,4.0,0,0.0,0.0,0.0,0.0
2024-12-23,ZeroChange,4.5,5.5,1.0,0.0,4.5,0,0.0,0.0,0.0,0.0
2024-12-24,ZeroChange,5.5,5.0,-0.5,0.0,5.5,0,-0.0,0.0,-0.0,0.0
2024-12-27,ZeroChange,5.0,6.0,1.0,0.0,5.0,0,0.0,0.0,0.0,0.0
2024-12-30,ZeroChange,6.0,5.0,-1.0,0.0,6.0,0,-0.0,0.0,-0.0,0.0
2024-12-31,ZeroChange,5.0,14.5,9.5,0.0,5.0,0,0.0,0.0,0.0,0.0
2025-01-02,ZeroChange,14.5,11.25,-3.25,0.0,14.5,0,-0.0,0.0,-0.0,0.0
2025-01-03,ZeroChange,11.25,8.25,-3.0,0.0,11.25,0,-0.0,0.0,-0.0,0.0
2025-01-06,ZeroChange,8.25,3.25,-5.0,0.0,8.25,0,-0.0,0.0,-0.0,0.0
2025-01-07,ZeroChange,3.25,1.25,-2.0,0.0,3.25,0,-0.0,0.0,-0.0,0.0
2025-01-08,ZeroChange,1.25,-4.0,-5.25,0.0,1.25,0,-0.0,0.0,-0.0,0.0
2025-01-09,ZeroChange,-4.0,-5.75,-1.75,0.0,-4.0,0,-0.0,0.0,-0.0,0.0
2025-01-10,ZeroChange,-5.75,-3.5,2.25,0.0,-5.75,0,0.0,0.0,0.0,0.0
2025-01-13,ZeroChange,-3.5,-1.25,2.25,0.0,-3.5,0,0.0,0.0,0.0,0.0
2025-01-14,ZeroChange,-1.25,3.0,4.25,0.0,-1.25,0,0.0,0.0,0.0,0.0
2025-01-15,ZeroChange,3.0,3.25,0.25,0.0,3.0,0,0.0,0.0,0.0,0.0
2025-01-16,ZeroChange,3.25,2.0,-1.25,0.0,3.25,0,-0.0,0.0,-0.0,0.0
2025-01-17,ZeroChange,2.0,2.0,0.0,0.0,2.0,0,0.0,0.0,0.0,0.0
2025-01-20,ZeroChange,2.0,2.0,0.0,0.0,2.0,0,0.0,0.0,0.0,0.0
2025-01-21,ZeroChange,2.0,2.75,0.75,0.0,2.0,0,0.0,0.0,0.0,0.0
2025-01-22,ZeroChange,2.75,2.5,-0.25,0.0,2.75,0,-0.0,0.0,-0.0,0.0
2025-01-23,ZeroChange,2.5,4.5,2.0,0.0,2.5,0,0.0,0.0,0.0,0.0
2025-01-24,ZeroChange,4.5,2.0,-2.5,0.0,4.5,0,-0.0,0.0,-0.0,0.0
2025-01-27,ZeroChange,2.0,1.75,-0.25,0.0,2.0,0,-0.0,0.0,-0.0,0.0
2025-01-28,ZeroChange,1.75,3.5,1.75,0.0,1.75,0,0.0,0.0,0.0,0.0
2025-01-29,ZeroChange,3.5,3.5,0.0,0.0,3.5,0,0.0,0.0,0.0,0.0
2025-01-30,ZeroChange,3.5,3.25,-0.25,0.0,3.5,0,-0.0,0.0,-0.0,0.0
2025-01-31,ZeroChange,3.25,13.25,10.0,0.0,3.25,0,0.0,0.0,0.0,0.0
2025-02-03,ZeroChange,13.25,13.5,0.25,0.0,13.25,0,0.0,0.0,0.0,0.0
2025-02-04,ZeroChange,13.5,13.25,-0.25,0.0,13.5,0,-0.0,0.0,-0.0,0.0
2025-02-05,ZeroChange,13.25,14.0,0.75,0.0,13.25,0,0.0,0.0,0.0,0.0
2025-02-06,ZeroChange,14.0,17.25,3.25,0.0,14.0,0,0.0,0.0,0.0,0.0
2025-02-07,ZeroChange,17.25,14.5,-2.75,0.0,17.25,0,-0.0,0.0,-0.0,0.0
2025-02-10,ZeroChange,14.5,15.0,0.5,0.0,14.5,0,0.0,0.0,0.0,0.0
2025-02-11,ZeroChange,15.0,12.25,-2.75,0.0,15.0,0,-0.0,0.0,-0.0,0.0
2025-02-12,ZeroChange,12.25,11.5,-0.75,0.0,12.25,0,-0.0,0.0,-0.0,0.0
2025-02-13,ZeroChange,11.5,12.25,0.75,0.0,11.5,0,0.0,0.0,0.0,0.0
2025-02-14,ZeroChange,12.25,10.5,-1.75,0.0,12.25,0,-0.0,0.0,-0.0,0.0
2025-02-17,ZeroChange,10.5,12.5,2.0,0.0,10.5,0,0.0,0.0,0.0,0.0
2025-02-18,ZeroChange,12.5,13.0,0.5,0.0,12.5,0,0.0,0.0,0.0,0.0
2025-02-19,ZeroChange,13.0,9.25,-3.75,0.0,13.0,0,-0.0,0.0,-0.0,0.0
2025-02-20,ZeroChange,9.25,9.0,-0.25,0.0,9.25,0,-0.0,0.0,-0.0,0.0
2025-02-21,ZeroChange,9.0,13.0,4.0,0.0,9.0,0,0.0,0.0,0.0,0.0
2025-02-24,ZeroChange,13.0,14.5,1.5,0.0,13.0,0,0.0,0.0,0.0,0.0
2025-02-25,ZeroChange,14.5,16.75,2.25,0.0,14.5,0,0.0,0.0,0.0,0.0
2025-02-26,ZeroChange,16.75,16.25,-0.5,0.0,16.75,0,-0.0,0.0,-0.0,0.0
2025-02-27,ZeroChange,16.25,7.25,-9.0,0.0,16.25,0,-0.0,0.0,-0.0,0.0
2025-02-28,ZeroChange,7.25,18.75,11.5,0.0,7.25,0,0.0,0.0,0.0,0.0
2025-03-03,ZeroChange,18.75,16.75,-2.0,0.0,18.75,0,-0.0,0.0,-0.0,0.0
2025-03-04,ZeroChange,16.75,12.75,-4.0,0.0,16.75,0,-0.0,0.0,-0.0,0.0
2025-03-05,ZeroChange,12.75,11.0,-1.75,0.0,12.75,0,-0.0,0.0,-0.0,0.0
2025-03-06,ZeroChange,11.0,11.25,0.25,0.0,11.0,0,0.0,0.0,0.0,0.0
2025-03-07,ZeroChange,11.25,10.5,-0.75,0.0,11.25,0,-0.0,0.0,-0.0,0.0
2025-03-10,ZeroChange,10.5,11.25,0.75,0.0,10.5,0,0.0,0.0,0.0,0.0
2025-03-11,ZeroChange,11.25,9.75,-1.5,0.0,11.25,0,-0.0,0.0,-0.0,0.0
2025-03-12,ZeroChange,9.75,6.25,-3.5,0.0,9.75,0,-0.0,0.0,-0.0,0.0
2025-03-13,ZeroChange,6.25,7.0,0.75,0.0,6.25,0,0.0,0.0,0.0,0.0
2025-03-14,ZeroChange,7.0,7.0,0.0,0.0,7.0,0,0.0,0.0,0.0,0.0
2025-03-17,ZeroChange,7.0,6.75,-0.25,0.0,7.0,0,-0.0,0.0,-0.0,0.0
2025-03-18,ZeroChange,6.75,6.5,-0.25,0.0,6.75,0,-0.0,0.0,-0.0,0.0
2025-03-19,ZeroChange,6.5,6.5,0.0,0.0,6.5,0,0.0,0.0,0.0,0.0
2025-03-20,ZeroChange,6.5,3.75,-2.75,0.0,6.5,0,-0.0,0.0,-0.0,0.0
2025-03-21,ZeroChange,3.75,2.5,-1.25,0.0,3.75,0,-0.0,0.0,-0.0,0.0
2025-03-24,ZeroChange,2.5,-1.5,-4.0,0.0,2.5,0,-0.0,0.0,-0.0,0.0
2025-03-25,ZeroChange,-1.5,1.75,3.25,0.0,-1.5,0,0.0,0.0,0.0,0.0
2025-03-26,ZeroChange,1.75,-0.75,-2.5,0.0,1.75,0,-0.0,0.0,-0.0,0.0
2025-03-27,ZeroChange,-0.75,1.5,2.25,0.0,-0.75,0,0.0,0.0,0.0,0.0
2025-03-28,ZeroChange,1.5,0.25,-1.25,0.0,1.5,0,-0.0,0.0,-0.0,0.0
2025-03-31,ZeroChange,0.25,1.5,1.25,0.0,0.25,0,0.0,0.0,0.0,0.0
2025-04-01,ZeroChange,1.5,0.5,-1.0,0.0,1.5,0,-0.0,0.0,-0.0,0.0
2025-04-02,ZeroChange,0.5,-1.25,-1.75,0.0,0.5,0,-0.0,0.0,-0.0,0.0
2025-04-03,ZeroChange,-1.25,-1.0,0.25,0.0,-1.25,0,0.0,0.0,0.0,0.0
2025-04-04,ZeroChange,-1.0,-2.0,-1.0,0.0,-1.0,0,-0.0,0.0,-0.0,0.0
2025-04-07,ZeroChange,-2.0,-1.75,0.25,0.0,-2.0,0,0.0,0.0,0.0,0.0
2025-04-08,ZeroChange,-1.75,0.5,2.25,0.0,-1.75,0,0.0,0.0,0.0,0.0
2025-04-09,ZeroChange,0.5,0.0,-0.5,0.0,0.5,0,-0.0,0.0,-0.0,0.0
2025-04-10,ZeroChange,0.0,1.0,1.0,0.0,0.0,0,0.0,0.0,0.0,0.0
2025-04-11,ZeroChange,1.0,4.75,3.75,0.0,1.0,0,0.0,0.0,0.0,0.0
2025-04-14,ZeroChange,4.75,4.75,0.0,0.0,4.75,0,0.0,0.0,0.0,0.0
2025-04-15,ZeroChange,4.75,5.0,0.25,0.0,4.75,0,0.0,0.0,0.0,0.0
2025-04-16,ZeroChange,5.0,7.75,2.75,0.0,5.0,0,0.0,0.0,0.0,0.0
2025-04-17,ZeroChange,7.75,6.5,-1.25,0.0,7.75,0,-0.0,0.0,-0.0,0.0
2025-04-22,ZeroChange,6.5,6.25,-0.25,0.0,6.5,0,-0.0,0.0,-0.0,0.0
2025-04-23,ZeroChange,6.25,6.0,-0.25,0.0,6.25,0,-0.0,0.0,-0.0,0.0
2025-04-24,ZeroChange,6.0,5.75,-0.25,0.0,6.0,0,-0.0,0.0,-0.0,0.0
2025-04-25,ZeroChange,5.75,5.5,-0.25,0.0,5.75,0,-0.0,0.0,-0.0,0.0
2025-04-28,ZeroChange,5.5,7.25,1.75,0.0,5.5,0,0.0,0.0,0.0,0.0
2025-04-29,ZeroChange,7.25,6.75,-0.5,0.0,7.25,0,-0.0,0.0,-0.0,0.0
2025-04-30,ZeroChange,6.75,16.25,9.5,0.0,6.75,0,0.0,0.0,0.0,0.0
2025-05-01,ZeroChange,16.25,15.75,-0.5,0.0,16.25,0,-0.0,0.0,-0.0,0.0
2025-05-02,ZeroChange,15.75,12.75,-3.0,0.0,15.75,0,-0.0,0.0,-0.0,0.0
2025-05-06,ZeroChange,12.75,14.5,1.75,0.0,12.75,0,0.0,0.0,0.0,0.0
2025-05-07,ZeroChange,14.5,16.5,2.0,0.0,14.5,0,0.0,0.0,0.0,0.0
2025-05-08,ZeroChange,16.5,13.0,-3.5,0.0,16.5,0,-0.0,0.0,-0.0,0.0
2025-05-09,ZeroChange,13.0,12.0,-1.0,0.0,13.0,0,-0.0,0.0,-0.0,0.0
2025-05-12,ZeroChange,12.0,12.0,0.0,0.0,12.0,0,0.0,0.0,0.0,0.0
2025-05-13,ZeroChange,12.0,13.25,1.25,0.0,12.0,0,0.0,0.0,0.0,0.0
2025-05-14,ZeroChange,13.25,11.75,-1.5,0.0,13.25,0,-0.0,0.0,-0.0,0.0
2025-05-15,ZeroChange,11.75,13.0,1.25,0.0,11.75,0,0.0,0.0,0.0,0.0
2025-05-16,ZeroChange,13.0,11.25,-1.75,0.0,13.0,0,-0.0,0.0,-0.0,0.0
2025-05-19,ZeroChange,11.25,9.75,-1.5,0.0,11.25,0,-0.0,0.0,-0.0,0.0
2025-05-20,ZeroChange,9.75,8.5,-1.25,0.0,9.75,0,-0.0,0.0,-0.0,0.0
2025-05-21,ZeroChange,8.5,6.25,-2.25,0.0,8.5,0,-0.0,0.0,-0.0,0.0
2025-05-22,ZeroChange,6.25,5.25,-1.0,0.0,6.25,0,-0.0,0.0,-0.0,0.0
2025-05-23,ZeroChange,5.25,4.5,-0.75,0.0,5.25,0,-0.0,0.0,-0.0,0.0
2025-05-27,ZeroChange,4.5,4.25,-0.25,0.0,4.5,0,-0.0,0.0,-0.0,0.0
2025-05-28,ZeroChange,4.25,4.0,-0.25,0.0,4.25,0,-0.0,0.0,-0.0,0.0
2025-05-29,ZeroChange,4.0,3.75,-0.25,0.0,4.0,0,-0.0,0.0,-0.0,0.0
2025-05-30,ZeroChange,3.75,3.5,-0.25,0.0,3.75,0,-0.0,0.0,-0.0,0.0
2025-06-02,ZeroChange,3.5,2.0,-1.5,0.0,3.5,0,-0.0,0.0,-0.0,0.0
2025-06-03,ZeroChange,2.0,1.0,-1.0,0.0,2.0,0,-0.0,0.0,-0.0,0.0
2025-06-04,ZeroChange,1.0,0.25,-0.75,0.0,1.0,0,-0.0,0.0,-0.0,0.0
2025-06-05,ZeroChange,0.25,0.75,0.5,0.0,0.25,0,0.0,0.0,0.0,0.0
2025-06-06,ZeroChange,0.75,0.5,-0.25,0.0,0.75,0,-0.0,0.0,-0.0,0.0
2025-06-09,ZeroChange,0.5,3.25,2.75,0.0,0.5,0,0.0,0.0,0.0,0.0
2025-06-10,ZeroChange,3.25,4.75,1.5,0.0,3.25,0,0.0,0.0,0.0,0.0
2025-06-11,ZeroChange,4.75,5.25,0.5,0.0,4.75,0,0.0,0.0,0.0,0.0
2025-06-12,ZeroChange,5.25,5.0,-0.25,0.0,5.25,0,-0.0,0.0,-0.0,0.0
2025-06-13,ZeroChange,5.0,4.5,-0.5,0.0,5.0,0,-0.0,0.0,-0.0,0.0
2025-06-16,ZeroChange,4.5,3.5,-1.0,0.0,4.5,0,-0.0,0.0,-0.0,0.0
2025-06-17,ZeroChange,3.5,2.0,-1.5,0.0,3.5,0,-0.0,0.0,-0.0,0.0
2025-06-18,ZeroChange,2.0,-0.25,-2.25,0.0,2.0,0,-0.0,0.0,-0.0,0.0
2025-06-19,ZeroChange,-0.25,-1.0,-0.75,0.0,-0.25,0,-0.0,0.0,-0.0,0.0
2025-06-20,ZeroChange,-1.0,-1.5,-0.5,0.0,-1.0,0,-0.0,0.0,-0.0,0.0
2025-06-23,ZeroChange,-1.5,-2.75,-1.25,0.0,-1.5,0,-0.0,0.0,-0.0,0.0
2025-06-24,ZeroChange,-2.75,-2.75,0.0,0.0,-2.75,0,0.0,0.0,0.0,0.0
2025-06-25,ZeroChange,-2.75,-2.75,0.0,0.0,-2.75,0,0.0,0.0,0.0,0.0
2025-06-26,ZeroChange,-2.75,-2.75,0.0,0.0,-2.75,0,0.0,0.0,0.0,0.0
2025-06-27,ZeroChange,-2.75,-2.75,0.0,0.0,-2.75,0,0.0,0.0,0.0,0.0
2025-06-30,ZeroChange,-2.75,-3.75,-1.0,0.0,-2.75,0,-0.0,0.0,-0.0,0.0
2025-07-01,ZeroChange,-3.75,-3.75,0.0,0.0,-3.75,0,0.0,0.0,0.0,0.0
2025-07-02,ZeroChange,-3.75,-4.5,-0.75,0.0,-3.75,0,-0.0,0.0,-0.0,0.0
2025-07-03,ZeroChange,-4.5,-4.5,0.0,0.0,-4.5,0,0.0,0.0,0.0,0.0
2025-07-04,ZeroChange,-4.5,-2.75,1.75,0.0,-4.5,0,0.0,0.0,0.0,0.0
2025-07-07,ZeroChange,-2.75,-2.0,0.75,0.0,-2.75,0,0.0,0.0,0.0,0.0
2025-07-08,ZeroChange,-2.0,-2.75,-0.75,0.0,-2.0,0,-0.0,0.0,-0.0,0.0
2025-07-09,ZeroChange,-2.75,-3.0,-0.25,0.0,-2.75,0,-0.0,0.0,-0.0,0.0
2025-07-10,ZeroChange,-3.0,-3.25,-0.25,0.0,-3.0,0,-0.0,0.0,-0.0,0.0
2025-07-11,ZeroChange,-3.25,-3.0,0.25,0.0,-3.25,0,0.0,0.0,0.0,0.0
2025-07-14,ZeroChange,-3.0,-3.25,-0.25,0.0,-3.0,0,-0.0,0.0,-0.0,0.0
2025-07-15,ZeroChange,-3.25,-3.0,0.25,0.0,-3.25,0,0.0,0.0,0.0,0.0
2025-07-16,ZeroChange,-3.0,-2.75,0.25,0.0,-3.0,0,0.0,0.0,0.0,0.0
2025-07-17,ZeroChange,-2.75,-3.0,-0.25,0.0,-2.75,0,-0.0,0.0,-0.0,0.0
2025-07-18,ZeroChange,-3.0,-3.25,-0.25,0.0,-3.0,0,-0.0,0.0,-0.0,0.0
2025-07-21,ZeroChange,-3.25,-3.25,0.0,0.0,-3.25,0,0.0,0.0,0.0,0.0
2025-07-22,ZeroChange,-3.25,-3.0,0.25,0.0,-3.25,0,0.0,0.0,0.0,0.0
2024-09-09,MeanReversion20,1.5,-2.75,-4.25,4.0625,5.5625,1,-4.25,0.0,-4.25,-4.25
2024-09-10,MeanReversion20,-2.75,-1.5,1.25,7.5125,4.7625,1,1.25,0.0,1.25,-3.0
2024-09-11,MeanReversion20,-1.5,3.0,4.5,5.55,4.05,1,4.5,0.0,4.5,1.5
2024-09-12,MeanReversion20,3.0,3.75,0.75,0.5750000000000002,3.575,1,0.75,0.0,0.75,2.25
2024-09-13,MeanReversion20,3.75,3.75,0.0,-0.3624999999999998,3.3875,0,0.0,0.0,0.0,2.25
2024-09-16,MeanReversion20,3.75,4.75,1.0,-0.5,3.25,0,0.0,0.0,0.0,2.25
2024-09-17,MeanReversion20,4.75,5.0,0.25,-1.5499999999999998,3.2,-1,-0.25,0.0,-0.25,2.0
2024-09-18,MeanReversion20,5.0,5.0,0.0,-1.8375,3.1625,-1,-0.0,0.0,-0.0,2.0
2024-09-19,MeanReversion20,5.0,7.0,2.0,-2.0125,2.9875,-1,-2.0,0.0,-2.0,0.0
2024-09-20,MeanReversion20,7.0,3.5,-3.5,-4.0625,2.9375,-1,3.5,0.0,3.5,3.5
2024-09-23,MeanReversion20,3.5,3.25,-0.25,-0.7875000000000001,2.7125,-1,0.25,0.0,0.25,3.75
2024-09-24,MeanReversion20,3.25,3.0,-0.25,-0.6000000000000001,2.65,-1,0.25,0.0,0.25,4.0
2024-09-25,MeanReversion20,3.0,3.0,0.0,-0.4125000000000001,2.5875,0,0.0,0.0,0.0,4.0
2024-09-26,MeanReversion20,3.0,2.75,-0.25,-0.4750000000000001,2.525,0,-0.0,0.0,-0.0,4.0
2024-09-27,MeanReversion20,2.75,1.25,-1.5,-0.1875,2.5625,0,-0.0,0.0,-0.0,4.0
2024-09-30,MeanReversion20,1.25,-2.75,-4.0,1.475,2.725,1,-4.0,0.0,-4.0,0.0
2024-10-01,MeanReversion20,-2.75,0.5,3.25,5.3375,2.5875000000000004,1,3.25,0.0,3.25,3.25
2024-10-02,MeanReversion20,0.5,0.0,-0.5,2.0,2.5,1,-0.5,0.0,-0.5,2.75
2024-10-03,MeanReversion20,0.0,5.0,5.0,2.3375,2.3375,1,5.0,0.0,5.0,7.75
2024-10-04,MeanReversion20,5.0,3.5,-1.5,-2.55,2.45,-1,1.5,0.0,1.5,9.25
2024-10-07,MeanReversion20,3.5,1.25,-2.25,-0.9500000000000002,2.55,-1,2.25,0.0,2.25,11.5
2024-10-08,MeanReversion20,1.25,1.5,0.25,1.5,2.75,1,0.25,0.0,0.25,11.75
2024-10-09,MeanReversion20,1.5,0.5,-1.0,1.4,2.9,1,-1.0,0.0,-1.0,10.75
2024-10-10,MeanReversion20,0.5,1.0,0.5,2.275,2.775,1,0.5,0.0,0.5,11.25
2024-10-11,MeanReversion20,1.0,0.5,-0.5,1.6375000000000002,2.6375,1,-0.5,0.0,-0.5,10.75
2024-10-14,MeanReversion20,0.5,1.5,1.0,1.975,2.475,1,1.0,0.0,1.0,11.75
2024-10-15,MeanReversion20,1.5,-1.25,-2.75,0.8125,2.3125,1,-2.75,0.0,-2.75,9.0
2024-10-16,MeanReversion20,-1.25,-2.5,-1.25,3.25,2.0,1,-1.25,0.0,-1.25,7.75
2024-10-17,MeanReversion20,-2.5,-1.25,1.25,4.125,1.625,1,1.25,0.0,1.25,9.0
2024-10-18,MeanReversion20,-1.25,-0.75,0.5,2.4625,1.2125,1,0.5,0.0,0.5,9.5
2024-10-21,MeanReversion20,-0.75,-1.0,-0.25,1.75,1.0,1,-0.25,0.0,-0.25,9.25
2024-10-22,MeanReversion20,-1.0,1.0,2.0,1.7875,0.7875000000000001,1,2.0,0.0,2.0,11.25
2024-10-23,MeanReversion20,1.0,3.0,2.0,-0.3125,0.6875,0,0.0,0.0,0.0,11.25
2024-10-24,MeanReversion20,3.0,4.5,1.5,-2.3125,0.6875,-1,-1.5,0.0,-1.5,9.75
2024-10-25,MeanReversion20,4.5,6.5,2.0,-3.725,0.7749999999999999,-1,-2.0,0.0,-2.0,7.75
2024-10-28,MeanReversion20,6.5,7.75,1.25,-5.4625,1.0374999999999996,-1,-1.25,0.0,-1.25,6.5
2024-10-29,MeanReversion20,7.75,7.75,0.0,-6.1875,1.5625,-1,-0.0,0.0,-0.0,6.5
2024-10-30,MeanReversion20,7.75,7.5,-0.25,-5.825,1.9249999999999998,-1,0.25,0.0,0.25,6.75
2024-10-31,MeanReversion20,7.5,17.0,9.5,-5.2,2.3,-1,-9.5,0.0,-9.5,-2.75
2024-11-01,MeanReversion20,17.0,14.25,-2.75,-14.1,2.9000000000000004,-1,2.75,0.0,2.75,0.0
2024-11-04,MeanReversion20,14.25,11.0,-3.25,-10.8125,3.4375,-1,3.25,0.0,3.25,3.25
2024-11-05,MeanReversion20,11.0,8.75,-2.25,-7.075,3.925,-1,2.25,0.0,2.25,5.5
2024-11-06,MeanReversion20,8.75,7.0,-1.75,-4.4625,4.2875,-1,1.75,0.0,1.75,7.25
2024-11-07,MeanReversion20,7.0,7.0,0.0,-2.3875,4.6125,-1,-0.0,0.0,-0.0,7.25
2024-11-08,MeanReversion20,7.0,6.5,-0.5,-2.0875000000000004,4.9125,-1,0.5,0.0,0.5,7.75
2024-11-11,MeanReversion20,6.5,5.75,-0.75,-1.2874999999999996,5.2125,-1,0.75,0.0,0.75,8.5
2024-11-12,MeanReversion20,5.75,5.5,-0.25,-0.3250000000000002,5.425,0,-0.0,0.0,-0.0,8.5
2024-11-13,MeanReversion20,5.5,6.0,0.5,0.2625000000000002,5.7625,0,0.0,0.0,0.0,8.5
2024-11-14,MeanReversion20,6.0,3.75,-2.25,0.1875,6.1875,0,-0.0,0.0,-0.0,8.5
2024-11-15,MeanReversion20,3.75,3.5,-0.25,2.6875,6.4375,1,-0.25,0.0,-0.25,8.25
2024-11-18,MeanReversion20,3.5,2.25,-1.25,3.1500000000000004,6.65,1,-1.25,0.0,-1.25,7.0
2024-11-19,MeanReversion20,2.25,0.75,-1.5,4.5625,6.8125,1,-1.5,0.0,-1.5,5.5
2024-11-20,MeanReversion20,0.75,-1.5,-2.25,6.05,6.8,1,-2.25,0.0,-2.25,3.25
2024-11-21,MeanReversion20,-1.5,-1.5,0.0,8.075,6.574999999999999,1,0.0,0.0,0.0,3.25
2024-11-22,MeanReversion20,-1.5,-2.0,-0.5,7.775,6.275,1,-0.5,0.0,-0.5,2.75
2024-11-25,MeanReversion20,-2.0,-3.5,-1.5,7.85,5.85,1,-1.5,0.0,-1.5,1.25
2024-11-26,MeanReversion20,-3.5,-3.5,0.0,8.7875,5.2875,1,0.0,0.0,0.0,1.25
2024-11-27,MeanReversion20,-3.5,-3.5,0.0,8.225,4.725,1,0.0,0.0,0.0,1.25
2024-11-28,MeanReversion20,-3.5,-3.75,-0.25,7.675,4.175,1,-0.25,0.0,-0.25,1.0
2024-11-29,MeanReversion20,-3.75,-7.5,-3.75,6.8875,3.1375,1,-3.75,0.0,-3.75,-2.75
2024-12-02,MeanReversion20,-7.5,-11.0,-3.5,9.55,2.0500000000000007,1,-3.5,0.0,-3.5,-6.25
2024-12-03,MeanReversion20,-11.0,-13.25,-2.25,11.95,0.9499999999999993,1,-2.25,0.0,-2.25,-8.5
2024-12-04,MeanReversion20,-13.25,-11.25,2.0,13.1,-0.15000000000000036,1,2.0,0.0,2.0,-6.5
2024-12-05,MeanReversion20,-11.25,-3.25,8.0,10.1875,-1.0625,1,8.0,0.0,8.0,1.5
2024-12-06,MeanReversion20,-3.25,-4.0,-0.75,1.675,-1.575,1,-0.75,0.0,-0.75,0.75
2024-12-09,MeanReversion20,-4.0,-5.25,-1.25,1.9,-2.1,1,-1.25,0.0,-1.25,-0.5
2024-12-10,MeanReversion20,-5.25,-5.75,-0.5,2.6,-2.65,1,-0.5,0.0,-0.5,-1.0
2024-12-11,MeanReversion20,-5.75,-6.0,-0.25,2.5375,-3.2125,1,-0.25,0.0,-0.25,-1.25
2024-12-12,MeanReversion20,-6.0,-6.5,-0.5,2.1875,-3.8125,1,-0.5,0.0,-0.5,-1.75
2024-12-13,MeanReversion20,-6.5,-6.25,0.25,2.175,-4.325,1,0.25,0.0,0.25,-1.5
2024-12-16,MeanReversion20,-6.25,-2.0,4.25,1.4375,-4.8125,1,4.25,0.0,4.25,2.75
2024-12-17,MeanReversion20,-2.0,0.5,2.5,-3.0250000000000004,-5.025,-1,-2.5,0.0,-2.5,0.25
2024-12-18,MeanReversion20,0.5,4.0,3.5,-5.5375,-5.0375,-1,-3.5,0.0,-3.5,-3.25
2024-12-19,MeanReversion20,4.0,4.0,0.0,-8.7625,-4.762499999999999,-1,-0.0,0.0,-0.0,-3.25
2024-12-20,MeanReversion20,4.0,4.5,0.5,-8.4875,-4.487500000000001,-1,-0.5,0.0,-0.5,-3.75
2024-12-23,MeanReversion20,4.5,5.5,1.0,-8.6625,-4.1625,-1,-1.0,0.0,-1.0,-4.75
2024-12-24,MeanReversion20,5.5,5.0,-0.5,-9.2125,-3.7125000000000004,-1,0.5,0.0,0.5,-4.25
2024-12-27,MeanReversion20,5.0,6.0,1.0,-8.2875,-3.2874999999999996,-1,-1.0,0.0,-1.0,-5.25
2024-12-30,MeanReversion20,6.0,5.0,-1.0,-8.8125,-2.8125,-1,1.0,0.0,1.0,-4.25
2024-12-31,MeanReversion20,5.0,14.5,9.5,-7.375,-2.375,-1,-9.5,0.0,-9.5,-13.75
2025-01-02,MeanReversion20,14.5,11.25,-3.25,-15.775,-1.2750000000000004,-1,3.25,0.0,3.25,-10.5
2025-01-03,MeanReversion20,11.25,8.25,-3.0,-11.4125,-0.16249999999999964,-1,3.0,0.0,3.0,-7.5
2025-01-06,MeanReversion20,8.25,3.25,-5.0,-7.3375,0.9124999999999996,-1,5.0,0.0,5.0,-2.5
2025-01-07,MeanReversion20,3.25,1.25,-2.0,-1.6125,1.6375,-1,2.0,0.0,2.0,-0.5
2025-01-08,MeanReversion20,1.25,-4.0,-5.25,0.6125,1.8625,1,-5.25,0.0,-5.25,-5.75
2025-01-09,MeanReversion20,-4.0,-5.75,-1.75,5.8625,1.8624999999999998,1,-1.75,0.0,-1.75,-7.5
2025-01-10,MeanReversion20,-5.75,-3.5,2.25,7.5875,1.8375000000000004,1,2.25,0.0,2.25,-5.25
2025-01-13,MeanReversion20,-3.5,-1.25,2.25,5.45,1.9500000000000002,1,2.25,0.0,2.25,-3.0
2025-01-14,MeanReversion20,-1.25,3.0,4.25,3.4375,2.1875,1,4.25,0.0,4.25,1.25
2025-01-15,MeanReversion20,3.0,3.25,0.25,-0.3374999999999999,2.6625,0,0.0,0.0,0.0,1.25
2025-01-16,MeanReversion20,3.25,2.0,-1.25,-0.11249999999999982,3.1375,0,-0.0,0.0,-0.0,1.25
2025-01-17,MeanReversion20,2.0,2.0,0.0,1.3375,3.3375,1,0.0,0.0,0.0,1.25
2025-01-20,MeanReversion20,2.0,2.0,0.0,1.4125,3.4125,1,0.0,0.0,0.0,1.25
2025-01-21,MeanReversion20,2.0,2.75,0.75,1.3125,3.3125,1,0.75,0.0,0.75,2.0
2025-01-22,MeanReversion20,2.75,2.5,-0.25,0.5,3.25,0,-0.0,0.0,-0.0,2.0
2025-01-23,MeanReversion20,2.5,4.5,2.0,0.6499999999999999,3.15,1,2.0,0.0,2.0,4.0
2025-01-24,MeanReversion20,4.5,2.0,-2.5,-1.4,3.1,-1,2.5,0.0,2.5,6.5
2025-01-27,MeanReversion20,2.0,1.75,-0.25,0.9500000000000002,2.95,1,-0.25,0.0,-0.25,6.25
2025-01-28,MeanReversion20,1.75,3.5,1.75,0.9874999999999998,2.7375,1,1.75,0.0,1.75,8.0
2025-01-29,MeanReversion20,3.5,3.5,0.0,-0.8374999999999999,2.6625,-1,-0.0,0.0,-0.0,8.0
2025-01-30,MeanReversion20,3.5,3.25,-0.25,-1.3875000000000002,2.1125,-1,0.25,0.0,0.25,8.25
2025-01-31,MeanReversion20,3.25,13.25,10.0,-1.5375,1.7125,-1,-10.0,0.0,-10.0,-1.75
2025-02-03,MeanReversion20,13.25,13.5,0.25,-11.2875,1.9625000000000004,-1,-0.25,0.0,-0.25,-2.0
2025-02-04,MeanReversion20,13.5,13.25,-0.25,-11.025,2.4749999999999996,-1,0.25,0.0,0.25,-1.75
2025-02-05,MeanReversion20,13.25,14.0,0.75,-10.175,3.0749999999999993,-1,-0.75,0.0,-0.75,-2.5
2025-02-06,MeanReversion20,14.0,17.25,3.25,-10.025,3.9749999999999996,-1,-3.25,0.0,-3.25,-5.75
2025-02-07,MeanReversion20,17.25,14.5,-2.75,-12.125,5.125,-1,2.75,0.0,2.75,-3.0
2025-02-10,MeanReversion20,14.5,15.0,0.5,-8.475,6.025,-1,-0.5,0.0,-0.5,-3.5
2025-02-11,MeanReversion20,15.0,12.25,-2.75,-8.1625,6.8375,-1,2.75,0.0,2.75,-0.75
2025-02-12,MeanReversion20,12.25,11.5,-0.75,-4.95,7.3,-1,0.75,0.0,0.75,0.0
2025-02-13,MeanReversion20,11.5,12.25,0.75,-3.7874999999999996,7.7125,-1,-0.75,0.0,-0.75,-0.75
2025-02-14,MeanReversion20,12.25,10.5,-1.75,-4.025,8.225,-1,1.75,0.0,1.75,1.0
2025-02-17,MeanReversion20,10.5,12.5,2.0,-1.8499999999999996,8.65,-1,-2.0,0.0,-2.0,-1.0
2025-02-18,MeanReversion20,12.5,13.0,0.5,-3.3249999999999993,9.175,-1,-0.5,0.0,-0.5,-1.5
2025-02-19,MeanReversion20,13.0,9.25,-3.75,-3.3125,9.6875,-1,3.75,0.0,3.75,2.25
2025-02-20,MeanReversion20,9.25,9.0,-0.25,0.7750000000000004,10.025,1,-0.25,0.0,-0.25,2.0
2025-02-21,MeanReversion20,9.0,13.0,4.0,1.25,10.25,1,4.0,0.0,4.0,6.0
2025-02-24,MeanReversion20,13.0,14.5,1.5,-2.1999999999999993,10.8,-1,-1.5,0.0,-1.5,4.5
2025-02-25,MeanReversion20,14.5,16.75,2.25,-3.0625,11.4375,-1,-2.25,0.0,-2.25,2.25
2025-02-26,MeanReversion20,16.75,16.25,-0.5,-4.65,12.1,-1,0.5,0.0,0.5,2.75
2025-02-27,MeanReversion20,16.25,7.25,-9.0,-3.5124999999999993,12.7375,-1,9.0,0.0,9.0,11.75
2025-02-28,MeanReversion20,7.25,18.75,11.5,5.6875,12.9375,1,11.5,0.0,11.5,23.25
2025-03-03,MeanReversion20,18.75,16.75,-2.0,-5.5375,13.2125,-1,2.0,0.0,2.0,25.25
2025-03-04,MeanReversion20,16.75,12.75,-4.0,-3.375,13.375,-1,4.0,0.0,4.0,29.25
2025-03-05,MeanReversion20,12.75,11.0,-1.75,0.5999999999999996,13.35,1,-1.75,0.0,-1.75,27.5
2025-03-06,MeanReversion20,11.0,11.25,0.25,2.1999999999999993,13.2,1,0.25,0.0,0.25,27.75
2025-03-07,MeanReversion20,11.25,10.5,-0.75,1.6500000000000004,12.9,1,-0.75,0.0,-0.75,27.0
2025-03-10,MeanReversion20,10.5,11.25,0.75,2.1999999999999993,12.7,1,0.75,0.0,0.75,27.75
2025-03-11,MeanReversion20,11.25,9.75,-1.5,1.2624999999999993,12.5125,1,-1.5,0.0,-1.5,26.25
2025-03-12,MeanReversion20,9.75,6.25,-3.5,2.6374999999999993,12.3875,1,-3.5,0.0,-3.5,22.75
2025-03-13,MeanReversion20,6.25,7.0,0.75,5.875,12.125,1,0.75,0.0,0.75,23.5
2025-03-14,MeanReversion20,7.0,7.0,0.0,4.862500000000001,11.8625,1,0.0,0.0,0.0,23.5
2025-03-17,MeanReversion20,7.0,6.75,-0.25,4.6875,11.6875,1,-0.25,0.0,-0.25,23.25
2025-03-18,MeanReversion20,6.75,6.5,-0.25,4.65,11.4,1,-0.25,0.0,-0.25,23.0
2025-03-19,MeanReversion20,6.5,6.5,0.0,4.574999999999999,11.075,1,0.0,0.0,0.0,23.0
2025-03-20,MeanReversion20,6.5,3.75,-2.75,4.4375,10.9375,1,-2.75,0.0,-2.75,20.25
2025-03-21,MeanReversion20,3.75,2.5,-1.25,6.925000000000001,10.675,1,-1.25,0.0,-1.25,19.0
2025-03-24,MeanReversion20,2.5,-1.5,-4.0,7.65,10.15,1,-4.0,0.0,-4.0,15.0
2025-03-25,MeanReversion20,-1.5,1.75,3.25,10.85,9.35,1,3.25,0.0,3.25,18.25
2025-03-26,MeanReversion20,1.75,-0.75,-2.5,6.85,8.6,1,-2.5,0.0,-2.5,15.75
2025-03-27,MeanReversion20,-0.75,1.5,2.25,8.5,7.75,1,2.25,0.0,2.25,18.0
2025-03-28,MeanReversion20,1.5,0.25,-1.25,5.9625,7.4625,1,-1.25,0.0,-1.25,16.75
2025-03-31,MeanReversion20,0.25,1.5,1.25,6.2875,6.5375,1,1.25,0.0,1.25,18.0
2025-04-01,MeanReversion20,1.5,0.5,-1.0,4.275,5.775,1,-1.0,0.0,-1.0,17.0
2025-04-02,MeanReversion20,0.5,-1.25,-1.75,4.6625,5.1625,1,-1.75,0.0,-1.75,15.25
2025-04-03,MeanReversion20,-1.25,-1.0,0.25,5.8,4.55,1,0.25,0.0,0.25,15.5
2025-04-04,MeanReversion20,-1.0,-2.0,-1.0,4.9375,3.9375,1,-1.0,0.0,-1.0,14.5
2025-04-07,MeanReversion20,-2.0,-1.75,0.25,5.3125,3.3125,1,0.25,0.0,0.25,14.75
2025-04-08,MeanReversion20,-1.75,0.5,2.25,4.4125,2.6624999999999996,1,2.25,0.0,2.25,17.0
2025-04-09,MeanReversion20,0.5,0.0,-0.5,1.7000000000000002,2.2,1,-0.5,0.0,-0.5,16.5
2025-04-10,MeanReversion20,0.0,1.0,1.0,1.8875,1.8875,1,1.0,0.0,1.0,17.5
2025-04-11,MeanReversion20,1.0,4.75,3.75,0.5874999999999999,1.5875,1,3.75,0.0,3.75,21.25
2025-04-14,MeanReversion20,4.75,4.75,0.0,-3.275,1.475,-1,-0.0,0.0,-0.0,21.25
2025-04-15,MeanReversion20,4.75,5.0,0.25,-3.375,1.375,-1,-0.25,0.0,-0.25,21.0
2025-04-16,MeanReversion20,5.0,7.75,2.75,-3.7,1.2999999999999998,-1,-2.75,0.0,-2.75,18.25
2025-04-17,MeanReversion20,7.75,6.5,-1.25,-6.3875,1.3624999999999998,-1,1.25,0.0,1.25,19.5
2025-04-22,MeanReversion20,6.5,6.25,-0.25,-5.0,1.5,-1,0.25,0.0,0.25,19.75
2025-04-23,MeanReversion20,6.25,6.0,-0.25,-4.5625,1.6875,-1,0.25,0.0,0.25,20.0
2025-04-24,MeanReversion20,6.0,5.75,-0.25,-3.9375,2.0625,-1,0.25,0.0,0.25,20.25
2025-04-25,MeanReversion20,5.75,5.5,-0.25,-3.4875,2.2625,-1,0.25,0.0,0.25,20.5
2025-04-28,MeanReversion20,5.5,7.25,1.75,-2.925,2.575,-1,-1.75,0.0,-1.75,18.75
2025-04-29,MeanReversion20,7.25,6.75,-0.5,-4.3875,2.8625,-1,0.5,0.0,0.5,19.25
2025-04-30,MeanReversion20,6.75,16.25,9.5,-3.5625,3.1875,-1,-9.5,0.0,-9.5,9.75
2025-05-01,MeanReversion20,16.25,15.75,-0.5,-12.325,3.9250000000000007,-1,0.5,0.0,0.5,10.25
2025-05-02,MeanReversion20,15.75,12.75,-3.0,-11.0625,4.6875,-1,3.0,0.0,3.0,13.25
2025-05-06,MeanReversion20,12.75,14.5,1.75,-7.3625,5.3875,-1,-1.75,0.0,-1.75,11.5
2025-05-07,MeanReversion20,14.5,16.5,2.0,-8.3375,6.1625,-1,-2.0,0.0,-2.0,9.5
2025-05-08,MeanReversion20,16.5,13.0,-3.5,-9.4125,7.0875,-1,3.5,0.0,3.5,13.0
2025-05-09,MeanReversion20,13.0,12.0,-1.0,-5.175,7.825,-1,1.0,0.0,1.0,14.0
2025-05-12,MeanReversion20,12.0,12.0,0.0,-3.5999999999999996,8.4,-1,-0.0,0.0,-0.0,14.0
2025-05-13,MeanReversion20,12.0,13.25,1.25,-3.0,9.0,-1,-1.25,0.0,-1.25,12.75
2025-05-14,MeanReversion20,13.25,11.75,-1.5,-3.6374999999999993,9.6125,-1,1.5,0.0,1.5,14.25
2025-05-15,MeanReversion20,11.75,13.0,1.25,-1.7874999999999996,9.9625,-1,-1.25,0.0,-1.25,13.0
2025-05-16,MeanReversion20,13.0,11.25,-1.75,-2.625,10.375,-1,1.75,0.0,1.75,14.75
2025-05-19,MeanReversion20,11.25,9.75,-1.5,-0.5625,10.6875,-1,1.5,0.0,1.5,16.25
2025-05-20,MeanReversion20,9.75,8.5,-1.25,1.0374999999999996,10.7875,1,-1.25,0.0,-1.25,15.0
2025-05-21,MeanReversion20,8.5,6.25,-2.25,2.3874999999999993,10.8875,1,-2.25,0.0,-2.25,12.75
2025-05-22,MeanReversion20,6.25,5.25,-1.0,4.637499999999999,10.8875,1,-1.0,0.0,-1.0,11.75
2025-05-23,MeanReversion20,5.25,4.5,-0.75,5.6,10.85,1,-0.75,0.0,-0.75,11.0
2025-05-27,MeanReversion20,4.5,4.25,-0.25,6.2875,10.7875,1,-0.25,0.0,-0.25,10.75
2025-05-28,MeanReversion20,4.25,4.0,-0.25,6.475,10.725,1,-0.25,0.0,-0.25,10.5
2025-05-29,MeanReversion20,4.0,3.75,-0.25,6.5625,10.5625,1,-0.25,0.0,-0.25,10.25
2025-05-30,MeanReversion20,3.75,3.5,-0.25,6.6625,10.4125,1,-0.25,0.0,-0.25,10.0
2025-06-02,MeanReversion20,3.5,2.0,-1.5,6.275,9.775,1,-1.5,0.0,-1.5,8.5
2025-06-03,MeanReversion20,2.0,1.0,-1.0,7.0875,9.0875,1,-1.0,0.0,-1.0,7.5
2025-06-04,MeanReversion20,1.0,0.25,-0.75,7.5,8.5,1,-0.75,0.0,-0.75,6.75
2025-06-05,MeanReversion20,0.25,0.75,0.5,7.5375,7.7875,1,0.5,0.0,0.5,7.25
2025-06-06,MeanReversion20,0.75,0.5,-0.25,6.25,7.0,1,-0.25,0.0,-0.25,7.0
2025-06-09,MeanReversion20,0.5,3.25,2.75,5.875,6.375,1,2.75,0.0,2.75,9.75
2025-06-10,MeanReversion20,3.25,4.75,1.5,2.6875,5.9375,1,1.5,0.0,1.5,11.25
2025-06-11,MeanReversion20,4.75,5.25,0.5,0.8250000000000002,5.575,1,0.5,0.0,0.5,11.75
2025-06-12,MeanReversion20,5.25,5.0,-0.25,-0.07500000000000018,5.175,0,-0.0,0.0,-0.0,11.75
2025-06-13,MeanReversion20,5.0,4.5,-0.5,-0.16249999999999964,4.8375,0,-0.0,0.0,-0.0,11.75
2025-06-16,MeanReversion20,4.5,3.5,-1.0,-0.08750000000000036,4.4125,0,-0.0,0.0,-0.0,11.75
2025-06-17,MeanReversion20,3.5,2.0,-1.5,0.5250000000000004,4.025,1,-1.5,0.0,-1.5,10.25
2025-06-18,MeanReversion20,2.0,-0.25,-2.25,1.6375000000000002,3.6375,1,-2.25,0.0,-2.25,8.0
2025-06-19,MeanReversion20,-0.25,-1.0,-0.75,3.45,3.2,1,-0.75,0.0,-0.75,7.25
2025-06-20,MeanReversion20,-1.0,-1.5,-0.5,3.8375,2.8375,1,-0.5,0.0,-0.5,6.75
2025-06-23,MeanReversion20,-1.5,-2.75,-1.25,4.0,2.5,1,-1.25,0.0,-1.25,5.5
2025-06-24,MeanReversion20,-2.75,-2.75,0.0,4.8875,2.1375,1,0.0,0.0,0.0,5.5
2025-06-25,MeanReversion20,-2.75,-2.75,0.0,4.5375,1.7874999999999996,1,0.0,0.0,0.0,5.5
2025-06-26,MeanReversion20,-2.75,-2.75,0.0,4.2,1.4500000000000002,1,0.0,0.0,0.0,5.5
2025-06-27,MeanReversion20,-2.75,-2.75,0.0,3.875,1.125,1,0.0,0.0,0.0,5.5
2025-06-30,MeanReversion20,-2.75,-3.75,-1.0,3.5625,0.8125,1,-1.0,0.0,-1.0,4.5
2025-07-01,MeanReversion20,-3.75,-3.75,0.0,4.275,0.5250000000000004,1,0.0,0.0,0.0,4.5
2025-07-02,MeanReversion20,-3.75,-4.5,-0.75,4.0375,0.28749999999999964,1,-0.75,0.0,-0.75,3.75
2025-07-03,MeanReversion20,-4.5,-4.5,0.0,4.55,0.04999999999999982,1,0.0,0.0,0.0,3.75
2025-07-04,MeanReversion20,-4.5,-2.75,1.75,4.2875,-0.21250000000000036,1,1.75,0.0,1.75,5.5
2025-07-07,MeanReversion20,-2.75,-2.0,0.75,2.375,-0.375,1,0.75,0.0,0.75,6.25
2025-07-08,MeanReversion20,-2.0,-2.75,-0.75,1.3625,-0.6375,1,-0.75,0.0,-0.75,5.5
2025-07-09,MeanReversion20,-2.75,-3.0,-0.25,1.7375,-1.0125,1,-0.25,0.0,-0.25,5.25
2025-07-10,MeanReversion20,-3.0,-3.25,-0.25,1.575,-1.425,1,-0.25,0.0,-0.25,5.0
2025-07-11,MeanReversion20,-3.25,-3.0,0.25,1.4125,-1.8375,1,0.25,0.0,0.25,5.25
2025-07-14,MeanReversion20,-3.0,-3.25,-0.25,0.7875000000000001,-2.2125,1,-0.25,0.0,-0.25,5.0
2025-07-15,MeanReversion20,-3.25,-3.0,0.25,0.7000000000000002,-2.55,1,0.25,0.0,0.25,5.25
2025-07-16,MeanReversion20,-3.0,-2.75,0.25,0.20000000000000018,-2.8,0,0.0,0.0,0.0,5.25
2025-07-17,MeanReversion20,-2.75,-3.0,-0.25,-0.17499999999999982,-2.925,0,-0.0,0.0,-0.0,5.25
2025-07-18,MeanReversion20,-3.0,-3.25,-0.25,-0.02499999999999991,-3.025,0,-0.0,0.0,-0.0,5.25
2025-07-21,MeanReversion20,-3.25,-3.25,0.0,0.13750000000000018,-3.1125,0,0.0,0.0,0.0,5.25
2025-07-22,MeanReversion20,-3.25,-3.0,0.25,0.11249999999999982,-3.1375,0,0.0,0.0,0.0,5.25
2024-09-09,ElasticNet,1.5,-2.75,-4.25,-0.003067484662576687,1.4969325153374233,0,-0.0,0.0,-0.0,-0.0
2024-09-10,ElasticNet,-2.75,-1.5,1.25,-0.003067484662576687,-2.753067484662577,0,0.0,0.0,0.0,0.0
2024-09-11,ElasticNet,-1.5,3.0,4.5,-0.003067484662576687,-1.5030674846625767,0,0.0,0.0,0.0,0.0
2024-09-12,ElasticNet,3.0,3.75,0.75,-0.003067484662576687,2.996932515337423,0,0.0,0.0,0.0,0.0
2024-09-13,ElasticNet,3.75,3.75,0.0,-0.003067484662576687,3.746932515337423,0,0.0,0.0,0.0,0.0
2024-09-16,ElasticNet,3.75,4.75,1.0,-0.003067484662576687,3.746932515337423,0,0.0,0.0,0.0,0.0
2024-09-17,ElasticNet,4.75,5.0,0.25,-0.003067484662576687,4.7469325153374236,0,0.0,0.0,0.0,0.0
2024-09-18,ElasticNet,5.0,5.0,0.0,-0.003067484662576687,4.9969325153374236,0,0.0,0.0,0.0,0.0
2024-09-19,ElasticNet,5.0,7.0,2.0,-0.003067484662576687,4.9969325153374236,0,0.0,0.0,0.0,0.0
2024-09-20,ElasticNet,7.0,3.5,-3.5,-0.003067484662576687,6.9969325153374236,0,-0.0,0.0,-0.0,0.0
2024-09-23,ElasticNet,3.5,3.25,-0.25,-0.003067484662576687,3.496932515337423,0,-0.0,0.0,-0.0,0.0
2024-09-24,ElasticNet,3.25,3.0,-0.25,-0.003067484662576687,3.246932515337423,0,-0.0,0.0,-0.0,0.0
2024-09-25,ElasticNet,3.0,3.0,0.0,-0.003067484662576687,2.996932515337423,0,0.0,0.0,0.0,0.0
2024-09-26,ElasticNet,3.0,2.75,-0.25,-0.003067484662576687,2.996932515337423,0,-0.0,0.0,-0.0,0.0
2024-09-27,ElasticNet,2.75,1.25,-1.5,-0.003067484662576687,2.746932515337423,0,-0.0,0.0,-0.0,0.0
2024-09-30,ElasticNet,1.25,-2.75,-4.0,-0.003067484662576687,1.2469325153374233,0,-0.0,0.0,-0.0,0.0
2024-10-01,ElasticNet,-2.75,0.5,3.25,-0.003067484662576687,-2.753067484662577,0,0.0,0.0,0.0,0.0
2024-10-02,ElasticNet,0.5,0.0,-0.5,-0.003067484662576687,0.49693251533742333,0,-0.0,0.0,-0.0,0.0
2024-10-03,ElasticNet,0.0,5.0,5.0,-0.003067484662576687,-0.003067484662576687,0,0.0,0.0,0.0,0.0
2024-10-04,ElasticNet,5.0,3.5,-1.5,-0.003067484662576687,4.9969325153374236,0,-0.0,0.0,-0.0,0.0
2024-10-07,ElasticNet,3.5,1.25,-2.25,-0.003936026898960789,3.4960639731010392,0,-0.0,0.0,-0.0,0.0
2024-10-08,ElasticNet,1.25,1.5,0.25,0.021994398598113297,1.2719943985981133,0,0.0,0.0,0.0,0.0
2024-10-09,ElasticNet,1.5,0.5,-1.0,0.06089003684372443,1.5608900368437244,0,-0.0,0.0,-0.0,0.0
2024-10-10,ElasticNet,0.5,1.0,0.5,0.05656829926087874,0.5565682992608787,0,0.0,0.0,0.0,0.0
2024-10-11,ElasticNet,1.0,0.5,-0.5,0.07385524959226147,1.0738552495922615,0,-0.0,0.0,-0.0,0.0
2024-10-14,ElasticNet,0.5,1.5,1.0,0.06521177442657011,0.5652117744265701,0,0.0,0.0,0.0,0.0
2024-10-15,ElasticNet,1.5,-1.25,-2.75,0.07385524959226147,1.5738552495922615,0,-0.0,0.0,-0.0,0.0
2024-10-16,ElasticNet,-1.25,-2.5,-1.25,0.05656829926087874,-1.1934317007391213,0,-0.0,0.0,-0.0,0.0
2024-10-17,ElasticNet,-2.5,-1.25,1.25,0.10410741267218124,-2.3958925873278187,0,0.0,0.0,0.0,0.0
2024-10-18,ElasticNet,-1.25,-0.75,0.5,0.12571610058640964,-1.1242838994135904,0,0.0,0.0,0.0,0.0
2024-10-21,ElasticNet,-0.75,-1.0,-0.25,0.10410741267218124,-0.6458925873278187,0,-0.0,0.0,-0.0,0.0
2024-10-22,ElasticNet,-1.0,1.0,2.0,0.09546393750648986,-0.9045360624935102,0,0.0,0.0,0.0,0.0
2024-10-23,ElasticNet,1.0,3.0,2.0,0.09978567508933556,1.0997856750893356,0,0.0,0.0,0.0,0.0
2024-10-24,ElasticNet,3.0,4.5,1.5,0.06521177442657011,3.06521177442657,0,0.0,0.0,0.0,0.0
2024-10-25,ElasticNet,4.5,6.5,2.0,0.030637873763804658,4.530637873763805,0,0.0,0.0,0.0,0.0
2024-10-28,ElasticNet,6.5,7.75,1.25,0.004707448266730573,6.50470744826673,0,0.0,0.0,0.0,0.0
2024-10-29,ElasticNet,7.75,7.75,0.0,-0.029866452396034873,7.720133547603965,0,0.0,0.0,0.0,0.0
2024-10-30,ElasticNet,7.75,7.5,-0.25,-0.051475140310263276,7.698524859689737,0,-0.0,0.0,-0.0,0.0
2024-10-31,ElasticNet,7.5,17.0,9.5,-0.051475140310263276,7.448524859689737,0,0.0,0.0,0.0,0.0
2024-11-01,ElasticNet,17.0,14.25,-2.75,-0.047153402727417595,16.952846597272583,0,-0.0,0.0,-0.0,0.0
2024-11-04,ElasticNet,14.25,11.0,-3.25,-0.21332879277052477,14.036671207229475,0,-0.0,0.0,-0.0,0.0
2024-11-05,ElasticNet,11.0,8.75,-2.25,-0.1671359729089173,10.832864027091082,0,-0.0,0.0,-0.0,0.0
2024-11-06,ElasticNet,8.75,7.0,-1.75,-0.1125444585270175,8.637455541472983,0,-0.0,0.0,-0.0,0.0
2024-11-07,ElasticNet,7.0,7.0,0.0,-0.07475033318570229,6.925249666814298,0,0.0,0.0,0.0,0.0
2024-11-08,ElasticNet,7.0,6.5,-0.5,-0.045354902364679345,6.9546450976353205,0,-0.0,0.0,-0.0,0.0
2024-11-11,ElasticNet,6.5,5.75,-0.75,-0.045354902364679345,6.4546450976353205,0,-0.0,0.0,-0.0,0.0
2024-11-12,ElasticNet,5.75,5.5,-0.25,-0.03695620784438708,5.713043792155613,0,-0.0,0.0,-0.0,0.0
2024-11-13,ElasticNet,5.5,6.0,0.5,-0.024358166063948666,5.475641833936051,0,0.0,0.0,0.0,0.0
2024-11-14,ElasticNet,6.0,3.75,-2.25,-0.020158818803802533,5.979841181196197,0,-0.0,0.0,-0.0,0.0
2024-11-15,ElasticNet,3.75,3.5,-0.25,-0.028557513324094806,3.721442486675905,0,-0.0,0.0,-0.0,0.0
2024-11-18,ElasticNet,3.5,2.25,-1.25,0.009236612017220414,3.5092366120172205,0,-0.0,0.0,-0.0,0.0
2024-11-19,ElasticNet,2.25,0.75,-1.5,0.013435959277366554,2.2634359592773667,0,-0.0,0.0,-0.0,0.0
2024-11-20,ElasticNet,0.75,-1.5,-2.25,0.03443269557809723,0.7844326955780972,0,-0.0,0.0,-0.0,0.0
2024-11-21,ElasticNet,-1.5,-1.5,0.0,0.05962877913897404,-1.440371220861026,0,0.0,0.0,0.0,0.0
2024-11-22,ElasticNet,-1.5,-2.0,-0.5,0.09742290448028926,-1.4025770955197108,0,-0.0,0.0,-0.0,0.0
2024-11-25,ElasticNet,-2.0,-3.5,-1.5,0.09742290448028926,-1.9025770955197108,0,-0.0,0.0,-0.0,0.0
2024-11-26,ElasticNet,-3.5,-3.5,0.0,0.10582159900058152,-3.3941784009994187,0,0.0,0.0,0.0,0.0
2024-11-27,ElasticNet,-3.5,-3.5,0.0,0.13101768256145832,-3.3689823174385416,0,0.0,0.0,0.0,0.0
2024-11-28,ElasticNet,-3.5,-3.75,-0.25,0.13101768256145832,-3.3689823174385416,0,-0.0,0.0,-0.0,0.0
2024-11-29,ElasticNet,-3.75,-7.5,-3.75,0.13101768256145832,-3.6189823174385416,0,-0.0,0.0,-0.0,0.0
2024-12-02,ElasticNet,-7.5,-11.0,-3.5,0.14268081334252922,-7.357319186657471,0,-0.0,0.0,-0.0,0.0
2024-12-03,ElasticNet,-11.0,-13.25,-2.25,0.20592265468505028,-10.79407734531495,0,-0.0,0.0,-0.0,0.0
2024-12-04,ElasticNet,-13.25,-11.25,2.0,0.26494837327140336,-12.985051626728596,0,0.0,0.0,0.0,0.0
2024-12-05,ElasticNet,-11.25,-3.25,8.0,0.30289347807691597,-10.947106521923084,0,0.0,0.0,0.0,0.0
2024-12-06,ElasticNet,-3.25,-4.0,-0.75,0.26916449602757136,-2.9808355039724286,0,-0.0,0.0,-0.0,0.0
2024-12-09,ElasticNet,-4.0,-5.25,-1.25,0.1342485678301931,-3.865751432169807,0,-0.0,0.0,-0.0,0.0
2024-12-10,ElasticNet,-5.25,-5.75,-0.5,0.14689693609869728,-5.103103063901303,0,-0.0,0.0,-0.0,0.0
2024-12-11,ElasticNet,-5.75,-6.0,-0.25,0.16797754987953767,-5.582022450120462,0,-0.0,0.0,-0.0,0.0
2024-12-12,ElasticNet,-6.0,-6.5,-0.5,0.1764097953918738,-5.823590204608126,0,-0.0,0.0,-0.0,0.0
2024-12-13,ElasticNet,-6.5,-6.25,0.25,0.18062591814804185,-6.319374081851958,0,0.0,0.0,0.0,0.0
2024-12-16,ElasticNet,-6.25,-2.0,4.25,0.189058163660378,-6.060941836339622,0,0.0,0.0,0.0,0.0
2024-12-17,ElasticNet,-2.0,0.5,2.5,0.18484204090420994,-1.81515795909579,0,0.0,0.0,0.0,0.0
2024-12-18,ElasticNet,0.5,4.0,3.5,0.11316795404935276,0.6131679540493528,0,0.0,0.0,0.0,0.0
2024-12-19,ElasticNet,4.0,4.0,0.0,0.07100672648767203,4.071006726487672,0,0.0,0.0,0.0,0.0
2024-12-20,ElasticNet,4.0,4.5,0.5,0.011981007901319056,4.011981007901319,0,0.0,0.0,0.0,0.0
2024-12-23,ElasticNet,4.5,5.5,1.0,0.011981007901319056,4.511981007901319,0,0.0,0.0,0.0,0.0
2024-12-24,ElasticNet,5.5,5.0,-0.5,0.0035487623889829158,5.5035487623889825,0,-0.0,0.0,-0.0,0.0
2024-12-27,ElasticNet,5.0,6.0,1.0,-0.013315728635689365,4.986684271364311,0,0.0,0.0,0.0,0.0
2024-12-30,ElasticNet,6.0,5.0,-1.0,-0.004883483123353224,5.995116516876647,0,-0.0,0.0,-0.0,0.0
2024-12-31,ElasticNet,5.0,14.5,9.5,-0.021747974148025505,4.978252025851974,0,0.0,0.0,0.0,0.0
2025-01-02,ElasticNet,14.5,11.25,-3.25,-0.022133624254046132,14.477866375745954,0,-0.0,0.0,-0.0,0.0
2025-01-03,ElasticNet,11.25,8.25,-3.0,-0.1747259367084628,11.075274063291538,0,-0.0,0.0,-0.0,0.0
2025-01-06,ElasticNet,8.25,3.25,-5.0,-0.1225233035003729,8.127476696499627,0,-0.0,0.0,-0.0,0.0
2025-01-07,ElasticNet,3.25,1.25,-2.0,-0.07433625746213605,3.1756637425378638,0,-0.0,0.0,-0.0,0.0
2025-01-08,ElasticNet,1.25,-4.0,-5.25,0.0059754859349253585,1.2559754859349253,0,-0.0,0.0,-0.0,0.0
2025-01-09,ElasticNet,-4.0,-5.75,-1.75,0.03810018329374992,-3.96189981670625,0,-0.0,0.0,-0.0,0.0
2025-01-10,ElasticNet,-5.75,-3.5,2.25,0.12242751386066442,-5.627572486139336,0,0.0,0.0,0.0,0.0
2025-01-13,ElasticNet,-3.5,-1.25,2.25,0.15053662404963591,-3.3494633759503643,0,0.0,0.0,0.0,0.0
2025-01-14,ElasticNet,-1.25,3.0,4.25,0.11439633952095826,-1.1356036604790418,0,0.0,0.0,0.0,0.0
2025-01-15,ElasticNet,3.0,3.25,0.25,0.07825605499228064,3.0782560549922806,0,0.0,0.0,0.0,0.0
2025-01-16,ElasticNet,3.25,2.0,-1.25,0.009991073104778436,3.2599910731047785,0,-0.0,0.0,-0.0,0.0
2025-01-17,ElasticNet,2.0,2.0,0.0,0.0059754859349253585,2.0059754859349255,0,0.0,0.0,0.0,0.0
2025-01-20,ElasticNet,2.0,2.0,0.0,0.026053421784190716,2.026053421784191,0,0.0,0.0,0.0,0.0
2025-01-21,ElasticNet,2.0,2.75,0.75,0.026053421784190716,2.026053421784191,0,0.0,0.0,0.0,0.0
2025-01-22,ElasticNet,2.75,2.5,-0.25,0.026053421784190716,2.776053421784191,0,-0.0,0.0,-0.0,0.0
2025-01-23,ElasticNet,2.5,4.5,2.0,0.014006660274631506,2.5140066602746316,0,0.0,0.0,0.0,0.0
2025-01-24,ElasticNet,4.5,2.0,-2.5,0.01802224744448457,4.518022247444485,0,-0.0,0.0,-0.0,0.0
2025-01-27,ElasticNet,2.0,1.75,-0.25,-0.01410244991433999,1.98589755008566,0,-0.0,0.0,-0.0,0.0
2025-01-28,ElasticNet,1.75,3.5,1.75,0.026053421784190716,1.7760534217841908,0,0.0,0.0,0.0,0.0
2025-01-29,ElasticNet,3.5,3.5,0.0,0.03006900895404378,3.530069008954044,0,0.0,0.0,0.0,0.0
2025-01-30,ElasticNet,3.5,3.25,-0.25,0.01522487621192992,3.51522487621193,0,-0.0,0.0,-0.0,0.0
2025-01-31,ElasticNet,3.25,13.25,10.0,0.01522487621192992,3.26522487621193,0,0.0,0.0,0.0,0.0
2025-02-03,ElasticNet,13.25,13.5,0.25,0.01945821115293278,13.269458211152934,0,0.0,0.0,0.0,0.0
2025-02-04,ElasticNet,13.5,13.25,-0.25,-0.14987518648718168,13.350124813512819,0,-0.0,0.0,-0.0,0.0
2025-02-05,ElasticNet,13.25,14.0,0.75,-0.15410852142818454,13.095891478571815,0,0.0,0.0,0.0,0.0
2025-02-06,ElasticNet,14.0,17.25,3.25,-0.14987518648718168,13.850124813512819,0,0.0,0.0,0.0,0.0
2025-02-07,ElasticNet,17.25,14.5,-2.75,-0.16257519131019027,17.08742480868981,0,-0.0,0.0,-0.0,0.0
2025-02-10,ElasticNet,14.5,15.0,0.5,-0.21760854554322748,14.282391454456773,0,0.0,0.0,0.0,0.0
2025-02-11,ElasticNet,15.0,12.25,-2.75,-0.171041861192196,14.828958138807804,0,-0.0,0.0,-0.0,0.0
2025-02-12,ElasticNet,12.25,11.5,-0.75,-0.17950853107420173,12.070491468925798,0,-0.0,0.0,-0.0,0.0
2025-02-13,ElasticNet,11.5,12.25,0.75,-0.13294184672317025,11.36705815327683,0,0.0,0.0,0.0,0.0
2025-02-14,ElasticNet,12.25,10.5,-1.75,-0.12024184190016166,12.129758158099838,0,-0.0,0.0,-0.0,0.0
2025-02-17,ElasticNet,10.5,12.5,2.0,-0.13294184672317025,10.36705815327683,0,0.0,0.0,0.0,0.0
2025-02-18,ElasticNet,12.5,13.0,0.5,-0.10330850213615021,12.39669149786385,0,0.0,0.0,0.0,0.0
2025-02-19,ElasticNet,13.0,9.25,-3.75,-0.13717518166417308,12.862824818335827,0,-0.0,0.0,-0.0,0.0
2025-02-20,ElasticNet,9.25,9.0,-0.25,-0.1456418515461788,9.104358148453821,0,-0.0,0.0,-0.0,0.0
2025-02-21,ElasticNet,9.0,13.0,4.0,-0.0821418274311359,8.917858172568865,0,0.0,0.0,0.0,0.0
2025-02-24,ElasticNet,13.0,14.5,1.5,-0.07790849249013303,12.922091507509867,0,0.0,0.0,0.0,0.0
2025-02-25,ElasticNet,14.5,16.75,2.25,-0.1456418515461788,14.354358148453821,0,0.0,0.0,0.0,0.0
2025-02-26,ElasticNet,16.75,16.25,-0.5,-0.171041861192196,16.578958138807803,0,-0.0,0.0,-0.0,0.0
2025-02-27,ElasticNet,16.25,7.25,-9.0,-0.19330238349620754,16.056697616503794,0,-0.0,0.0,-0.0,0.0
2025-02-28,ElasticNet,7.25,18.75,11.5,-0.18500915433202203,7.064990845667978,0,0.0,0.0,0.0,0.0
2025-03-03,ElasticNet,18.75,16.75,-2.0,-0.03573102937668225,18.71426897062332,0,-0.0,0.0,-0.0,0.0
2025-03-04,ElasticNet,16.75,12.75,-4.0,-0.22647530015294975,16.52352469984705,0,-0.0,0.0,-0.0,0.0
2025-03-05,ElasticNet,12.75,11.0,-1.75,-0.19330238349620754,12.556697616503792,0,-0.0,0.0,-0.0,0.0
2025-03-06,ElasticNet,11.0,11.25,0.25,-0.12695655018272323,10.873043449817278,0,0.0,0.0,0.0,0.0
2025-03-07,ElasticNet,11.25,10.5,-0.75,-0.09793024810807383,11.152069751891926,0,-0.0,0.0,-0.0,0.0
2025-03-10,ElasticNet,10.5,11.25,0.75,-0.10207686269016661,10.397923137309833,0,0.0,0.0,0.0,0.0
2025-03-11,ElasticNet,11.25,9.75,-1.5,-0.08963701894388829,11.160362981056112,0,-0.0,0.0,-0.0,0.0
2025-03-12,ElasticNet,9.75,6.25,-3.5,-0.10207686269016661,9.647923137309833,0,-0.0,0.0,-0.0,0.0
2025-03-13,ElasticNet,6.25,7.0,0.75,-0.07719717519760998,6.17280282480239,0,0.0,0.0,0.0,0.0
2025-03-14,ElasticNet,7.0,7.0,0.0,-0.019144571048311167,6.980855428951688,0,0.0,0.0,0.0,0.0
2025-03-17,ElasticNet,7.0,6.75,-0.25,-0.03158441479458949,6.968415585205411,0,-0.0,0.0,-0.0,0.0
2025-03-18,ElasticNet,6.75,6.5,-0.25,-0.03158441479458949,6.718415585205411,0,-0.0,0.0,-0.0,0.0
2025-03-19,ElasticNet,6.5,6.5,0.0,-0.027437800212496713,6.472562199787503,0,0.0,0.0,0.0,0.0
2025-03-20,ElasticNet,6.5,3.75,-2.75,-0.02329118563040394,6.476708814369596,0,-0.0,0.0,-0.0,0.0
2025-03-21,ElasticNet,3.75,2.5,-1.25,-0.02329118563040394,3.726708814369596,0,-0.0,0.0,-0.0,0.0
2025-03-24,ElasticNet,2.5,-1.5,-4.0,0.022321574772616547,2.5223215747726164,0,-0.0,0.0,-0.0,0.0
2025-03-25,ElasticNet,-1.5,1.75,3.25,0.043054647683080406,-1.4569453523169196,0,0.0,0.0,0.0,0.0
2025-03-26,ElasticNet,1.75,-0.75,-2.5,0.10940048099656476,1.8594004809965647,0,-0.0,0.0,-0.0,0.0
2025-03-27,ElasticNet,-0.75,1.5,2.25,0.05243560521663555,-0.6975643947833644,0,0.0,0.0,0.0,0.0
2025-03-28,ElasticNet,1.5,0.25,-1.25,0.09150315473269971,1.5915031547326997,0,-0.0,0.0,-0.0,0.0
2025-03-31,ElasticNet,0.25,1.5,1.25,0.056019743978039424,0.30601974397803944,0,0.0,0.0,0.0,0.0
2025-04-01,ElasticNet,1.5,0.5,-1.0,0.07550148386668401,1.575501483866684,0,-0.0,0.0,-0.0,0.0
2025-04-02,ElasticNet,0.5,-1.25,-1.75,0.05591567423926441,0.5559156742392644,0,-0.0,0.0,-0.0,0.0
2025-04-03,ElasticNet,-1.25,-1.0,0.25,0.07264583327670522,-1.1773541667232947,0,0.0,0.0,0.0,0.0
2025-04-04,ElasticNet,-1.0,-2.0,-1.0,0.1005446875534577,-0.8994553124465423,0,-0.0,0.0,-0.0,0.0
2025-04-07,ElasticNet,-2.0,-1.75,0.25,0.09696054879205383,-1.9030394512079463,0,0.0,0.0,0.0,0.0
2025-04-08,ElasticNet,-1.75,0.5,2.25,0.11285814991929453,-1.6371418500807056,0,0.0,0.0,0.0,0.0
2025-04-09,ElasticNet,0.5,0.0,-0.5,0.10792110455381548,0.6079211045538155,0,-0.0,0.0,-0.0,0.0
2025-04-10,ElasticNet,0.0,1.0,1.0,0.07212548458283015,0.07212548458283015,0,0.0,0.0,0.0,0.0
2025-04-11,ElasticNet,1.0,4.75,3.75,0.07971004106073797,1.0797100410607379,0,0.0,0.0,0.0,0.0
2025-04-14,ElasticNet,4.75,4.75,0.0,0.062147324113097036,4.812147324113097,0,0.0,0.0,0.0,0.0
2025-04-15,ElasticNet,4.75,5.0,0.25,0.002141058365538107,4.752141058365538,0,0.0,0.0,0.0,0.0
2025-04-16,ElasticNet,5.0,7.75,2.75,0.0020369886267630937,5.002036988626763,0,0.0,0.0,0.0,0.0
2025-04-17,ElasticNet,7.75,6.5,-1.25,-0.0031081962162659823,7.746891803783734,0,-0.0,0.0,-0.0,0.0
2025-04-22,ElasticNet,6.5,6.25,-0.25,-0.046592442403934134,6.453407557596066,0,-0.0,0.0,-0.0,0.0
2025-04-23,ElasticNet,6.25,6.0,-0.25,-0.026486284082639477,6.223513715917361,0,-0.0,0.0,-0.0,0.0
2025-04-24,ElasticNet,6.0,5.75,-0.25,-0.022381796627360534,5.977618203372639,0,-0.0,0.0,-0.0,0.0
2025-04-25,ElasticNet,5.75,5.5,-0.25,-0.01827730917208159,5.731722690827919,0,-0.0,0.0,-0.0,0.0
2025-04-28,ElasticNet,5.5,7.25,1.75,-0.022429760082205867,5.477570239917794,0,0.0,0.0,0.0,0.0
2025-04-29,ElasticNet,7.25,6.75,-0.5,-0.01927635606051336,7.230723643939487,0,-0.0,0.0,-0.0,0.0
2025-04-30,ElasticNet,6.75,16.25,9.5,-0.04615297670228992,6.70384702329771,0,0.0,0.0,0.0,0.0
2025-05-01,ElasticNet,16.25,15.75,-0.5,-0.0422986584409963,16.207701341559005,0,-0.0,0.0,-0.0,0.0
2025-05-02,ElasticNet,15.75,12.75,-3.0,-0.1891053988683171,15.560894601131682,0,-0.0,0.0,-0.0,0.0
2025-05-06,ElasticNet,12.75,14.5,1.75,-0.18014172689433305,12.569858273105666,0,0.0,0.0,0.0,0.0
2025-05-07,ElasticNet,14.5,16.5,2.0,-0.13443247391647967,14.36556752608352,0,0.0,0.0,0.0,0.0
2025-05-08,ElasticNet,16.5,13.0,-3.5,-0.16233096530079433,16.337669034699207,0,-0.0,0.0,-0.0,0.0
2025-05-09,ElasticNet,13.0,12.0,-1.0,-0.19185005459299434,12.808149945407006,0,-0.0,0.0,-0.0,0.0
2025-05-12,ElasticNet,12.0,12.0,0.0,-0.13727931671541077,11.86272068328459,0,0.0,0.0,0.0,0.0
2025-05-13,ElasticNet,12.0,13.25,1.25,-0.1218044625495341,11.878195537450466,0,0.0,0.0,0.0,0.0
2025-05-14,ElasticNet,13.25,11.75,-1.5,-0.12231539792080313,13.127684602079198,0,-0.0,0.0,-0.0,0.0
2025-05-15,ElasticNet,11.75,13.0,1.25,-0.1410458431826261,11.608954156817374,0,0.0,0.0,0.0,0.0
2025-05-16,ElasticNet,13.0,11.25,-1.75,-0.11834449730508015,12.88165550269492,0,-0.0,0.0,-0.0,0.0
2025-05-19,ElasticNet,11.25,9.75,-1.5,-0.13697275549264934,11.11302724450735,0,-0.0,0.0,-0.0,0.0
2025-05-20,ElasticNet,9.75,8.5,-1.25,-0.10927863825684231,9.640721361743157,0,-0.0,0.0,-0.0,0.0
2025-05-21,ElasticNet,8.5,6.25,-2.25,-0.08555542163675825,8.414444578363241,0,-0.0,0.0,-0.0,0.0
2025-05-22,ElasticNet,6.25,5.25,-1.0,-0.06529217026112814,6.184707829738872,0,-0.0,0.0,-0.0,0.0
2025-05-23,ElasticNet,5.25,4.5,-0.75,-0.030065000090890397,5.21993499990911,0,-0.0,0.0,-0.0,0.0
2025-05-27,ElasticNet,4.5,4.25,-0.25,-0.014283584702252298,4.485716415297747,0,-0.0,0.0,-0.0,0.0
2025-05-28,ElasticNet,4.25,4.0,-0.25,0.013056378229524492,4.263056378229525,0,-0.0,0.0,-0.0,0.0
2025-05-29,ElasticNet,4.0,3.75,-0.25,0.016973617621095994,4.016973617621096,0,-0.0,0.0,-0.0,0.0
2025-05-30,ElasticNet,3.75,3.5,-0.25,0.020890857012667498,3.7708908570126676,0,-0.0,0.0,-0.0,0.0
2025-06-02,ElasticNet,3.5,2.0,-1.5,0.024808096404238998,3.524808096404239,0,-0.0,0.0,-0.0,0.0
2025-06-03,ElasticNet,2.0,1.0,-1.0,0.029303009645734474,2.0293030096457345,0,-0.0,0.0,-0.0,0.0
2025-06-04,ElasticNet,1.0,0.25,-0.75,0.05257537645519391,1.052575376455194,0,-0.0,0.0,-0.0,0.0
2025-06-05,ElasticNet,0.25,0.75,0.5,0.06812879925149513,0.3181287992514951,0,0.0,0.0,0.0,0.0
2025-06-06,ElasticNet,0.75,0.5,-0.25,0.07930284357628567,0.8293028435762857,0,-0.0,0.0,-0.0,0.0
2025-06-09,ElasticNet,0.5,3.25,2.75,0.07181496910309705,0.571814969103097,0,0.0,0.0,0.0,0.0
2025-06-10,ElasticNet,3.25,4.75,1.5,0.07434579125485101,3.324345791254851,0,0.0,0.0,0.0,0.0
2025-06-11,ElasticNet,4.75,5.25,0.5,0.03183383179748845,4.781833831797488,0,0.0,0.0,0.0,0.0
2025-06-12,ElasticNet,5.25,5.0,-0.25,0.008792534527998606,5.258792534527998,0,-0.0,0.0,-0.0,0.0
2025-06-13,ElasticNet,5.0,4.5,-0.5,0.0013046600548099827,5.00130466005481,0,-0.0,0.0,-0.0,0.0
2025-06-16,ElasticNet,4.5,3.5,-1.0,0.005337434216366281,4.505337434216366,0,-0.0,0.0,-0.0,0.0
2025-06-17,ElasticNet,3.5,2.0,-1.5,0.013402982539478876,3.513402982539479,0,-0.0,0.0,-0.0,0.0
2025-06-18,ElasticNet,2.0,-0.25,-2.25,0.029303009645734474,2.0293030096457345,0,-0.0,0.0,-0.0,0.0
2025-06-19,ElasticNet,-0.25,-1.0,-0.75,0.05315305030511788,-0.19684694969488212,0,-0.0,0.0,-0.0,0.0
2025-06-20,ElasticNet,-1.0,-1.5,-0.5,0.08771499620935265,-0.9122850037906474,0,-0.0,0.0,-0.0,0.0
2025-06-23,ElasticNet,-1.5,-2.75,-1.25,0.09935117961408237,-1.4006488203859175,0,-0.0,0.0,-0.0,0.0
2025-06-24,ElasticNet,-2.75,-2.75,0.0,0.10753226270717973,-2.6424677372928205,0,0.0,0.0,0.0,0.0
2025-06-25,ElasticNet,-2.75,-2.75,0.0,0.11664872438709209,-2.633351275612908,0,0.0,0.0,0.0,0.0
2025-06-26,ElasticNet,-2.75,-2.75,0.0,0.11664872438709209,-2.633351275612908,0,0.0,0.0,0.0,0.0
2025-06-27,ElasticNet,-2.75,-2.75,0.0,0.11664872438709209,-2.633351275612908,0,0.0,0.0,0.0,0.0
2025-06-30,ElasticNet,-2.75,-3.75,-1.0,0.11664872438709209,-2.633351275612908,0,-0.0,0.0,-0.0,0.0
2025-07-01,ElasticNet,-3.75,-3.75,0.0,0.11695232149360316,-3.6330476785063968,0,0.0,0.0,0.0,0.0
2025-07-02,ElasticNet,-3.75,-4.5,-0.75,0.13209563458084533,-3.6179043654191547,0,-0.0,0.0,-0.0,0.0
2025-07-03,ElasticNet,-4.5,-4.5,0.0,0.13232333241072863,-4.367676667589271,0,0.0,0.0,0.0,0.0
2025-07-04,ElasticNet,-4.5,-2.75,1.75,0.14368081722616025,-4.35631918277384,0,0.0,0.0,0.0,0.0
2025-07-07,ElasticNet,-2.75,-2.0,0.75,0.14314952228976588,-2.606850477710234,0,0.0,0.0,0.0,0.0
2025-07-08,ElasticNet,-2.0,-2.75,-0.75,0.1164210265572088,-1.8835789734427912,0,-0.0,0.0,-0.0,0.0
2025-07-09,ElasticNet,-2.75,-3.0,-0.25,0.10529123957166046,-2.6447087604283395,0,-0.0,0.0,-0.0,0.0
2025-07-10,ElasticNet,-3.0,-3.25,-0.25,0.11672462366371986,-2.88327537633628,0,-0.0,0.0,-0.0,0.0
2025-07-11,ElasticNet,-3.25,-3.0,0.25,0.12058635121215816,-3.1294136487878417,0,0.0,0.0,0.0,0.0
2025-07-14,ElasticNet,-3.0,-3.25,-0.25,0.12429628020734093,-2.875703719792659,0,-0.0,0.0,-0.0,0.0
2025-07-15,ElasticNet,-3.25,-3.0,0.25,0.12058635121215816,-3.1294136487878417,0,0.0,0.0,0.0,0.0
2025-07-16,ElasticNet,-3.0,-2.75,0.25,0.12429628020734093,-2.875703719792659,0,0.0,0.0,0.0,0.0
2025-07-17,ElasticNet,-2.75,-3.0,-0.25,0.12043455265890263,-2.6295654473410974,0,-0.0,0.0,-0.0,0.0
2025-07-18,ElasticNet,-3.0,-3.25,-0.25,0.11672462366371986,-2.88327537633628,0,-0.0,0.0,-0.0,0.0
2025-07-21,ElasticNet,-3.25,-3.25,0.0,0.12058635121215816,-3.1294136487878417,0,0.0,0.0,0.0,0.0
2025-07-22,ElasticNet,-3.25,-3.0,0.25,0.1243721794839687,-3.1256278205160313,0,0.0,0.0,0.0,0.0
2024-09-09,RandomForest,1.5,-2.75,-4.25,1.356084980220301,2.856084980220301,1,-4.25,0.0,-4.25,-4.25
2024-09-10,RandomForest,-2.75,-1.5,1.25,0.858373743462735,-1.891626256537265,1,1.25,0.0,1.25,-3.0
2024-09-11,RandomForest,-1.5,3.0,4.5,0.8468548900244692,-0.6531451099755308,1,4.5,0.0,4.5,1.5
2024-09-12,RandomForest,3.0,3.75,0.75,0.7008427720953261,3.700842772095326,1,0.75,0.0,0.75,2.25
2024-09-13,RandomForest,3.75,3.75,0.0,1.2278716673676158,4.977871667367616,1,0.0,0.0,0.0,2.25
2024-09-16,RandomForest,3.75,4.75,1.0,1.1690898388144995,4.919089838814499,1,1.0,0.0,1.0,3.25
2024-09-17,RandomForest,4.75,5.0,0.25,1.4072870511513993,6.1572870511514,1,0.25,0.0,0.25,3.5
2024-09-18,RandomForest,5.0,5.0,0.0,0.9775525827870231,5.977552582787023,1,0.0,0.0,0.0,3.5
2024-09-19,RandomForest,5.0,7.0,2.0,0.870902902230882,5.870902902230882,1,2.0,0.0,2.0,5.5
2024-09-20,RandomForest,7.0,3.5,-3.5,0.8624626082138415,7.862462608213842,1,-3.5,0.0,-3.5,2.0
2024-09-23,RandomForest,3.5,3.25,-0.25,0.8665441268147879,4.366544126814788,1,-0.25,0.0,-0.25,1.75
2024-09-24,RandomForest,3.25,3.0,-0.25,0.9681396913637959,4.218139691363795,1,-0.25,0.0,-0.25,1.5
2024-09-25,RandomForest,3.0,3.0,0.0,0.8902741140592082,3.890274114059208,1,0.0,0.0,0.0,1.5
2024-09-26,RandomForest,3.0,2.75,-0.25,0.8057540709027482,3.805754070902748,1,-0.25,0.0,-0.25,1.25
2024-09-27,RandomForest,2.75,1.25,-1.5,0.6693391831911105,3.4193391831911106,1,-1.5,0.0,-1.5,-0.25
2024-09-30,RandomForest,1.25,-2.75,-4.0,0.8702141597913265,2.1202141597913267,1,-4.0,0.0,-4.0,-4.25
2024-10-01,RandomForest,-2.75,0.5,3.25,0.8576691682566858,-1.892330831743314,1,3.25,0.0,3.25,-1.0
2024-10-02,RandomForest,0.5,0.0,-0.5,0.888805384098478,1.388805384098478,1,-0.5,0.0,-0.5,-1.5
2024-10-03,RandomForest,0.0,5.0,5.0,0.8722681851227776,0.8722681851227776,1,5.0,0.0,5.0,3.5
2024-10-04,RandomForest,5.0,3.5,-1.5,0.9575998749185046,5.957599874918505,1,-1.5,0.0,-1.5,2.0
2024-10-07,RandomForest,3.5,1.25,-2.25,0.3732262782585671,3.873226278258567,0,-0.0,0.0,-0.0,2.0
2024-10-08,RandomForest,1.25,1.5,0.25,0.24951113981323814,1.4995111398132381,0,0.0,0.0,0.0,2.0
2024-10-09,RandomForest,1.5,0.5,-1.0,0.44004430464370375,1.9400443046437037,0,-0.0,0.0,-0.0,2.0
2024-10-10,RandomForest,0.5,1.0,0.5,0.3299851709691613,0.8299851709691612,0,0.0,0.0,0.0,2.0
2024-10-11,RandomForest,1.0,0.5,-0.5,0.41521405679777906,1.4152140567977791,0,-0.0,0.0,-0.0,2.0
2024-10-14,RandomForest,0.5,1.5,1.0,0.4874687666973745,0.9874687666973745,0,0.0,0.0,0.0,2.0
2024-10-15,RandomForest,1.5,-1.25,-2.75,0.4251739684737621,1.925173968473762,0,-0.0,0.0,-0.0,2.0
2024-10-16,RandomForest,-1.25,-2.5,-1.25,0.4587278387959923,-0.7912721612040077,0,-0.0,0.0,-0.0,2.0
2024-10-17,RandomForest,-2.5,-1.25,1.25,0.42819397376753265,-2.0718060262324673,0,0.0,0.0,0.0,2.0
2024-10-18,RandomForest,-1.25,-0.75,0.5,0.4217017938619215,-0.8282982061380785,0,0.0,0.0,0.0,2.0
2024-10-21,RandomForest,-0.75,-1.0,-0.25,0.4607323638038231,-0.2892676361961769,0,-0.0,0.0,-0.0,2.0
2024-10-22,RandomForest,-1.0,1.0,2.0,0.5147798461561348,-0.4852201538438652,1,2.0,0.0,2.0,4.0
2024-10-23,RandomForest,1.0,3.0,2.0,0.5305457382295945,1.5305457382295944,1,2.0,0.0,2.0,6.0
2024-10-24,RandomForest,3.0,4.5,1.5,0.49458548778158246,3.4945854877815825,0,0.0,0.0,0.0,6.0
2024-10-25,RandomForest,4.5,6.5,2.0,0.5512319733904252,5.051231973390426,1,2.0,0.0,2.0,8.0
2024-10-28,RandomForest,6.5,7.75,1.25,0.6160050375820517,7.116005037582052,1,1.25,0.0,1.25,9.25
2024-10-29,RandomForest,7.75,7.75,0.0,0.6067215858757339,8.356721585875734,1,0.0,0.0,0.0,9.25
2024-10-30,RandomForest,7.75,7.5,-0.25,0.5283857827413364,8.278385782741337,1,-0.25,0.0,-0.25,9.0
2024-10-31,RandomForest,7.5,17.0,9.5,0.5439401508535856,8.043940150853585,1,9.5,0.0,9.5,18.5
2024-11-01,RandomForest,17.0,14.25,-2.75,0.2688319032443246,17.268831903244326,0,-0.0,0.0,-0.0,18.5
2024-11-04,RandomForest,14.25,11.0,-3.25,-0.21465976135044532,14.035340238649555,0,-0.0,0.0,-0.0,18.5
2024-11-05,RandomForest,11.0,8.75,-2.25,0.06923036385167433,11.069230363851675,0,-0.0,0.0,-0.0,18.5
2024-11-06,RandomForest,8.75,7.0,-1.75,0.2632628310787144,9.013262831078714,0,-0.0,0.0,-0.0,18.5
2024-11-07,RandomForest,7.0,7.0,0.0,0.35813307432222385,7.3581330743222235,0,0.0,0.0,0.0,18.5
2024-11-08,RandomForest,7.0,6.5,-0.5,0.24735538546529487,7.247355385465295,0,-0.0,0.0,-0.0,18.5
2024-11-11,RandomForest,6.5,5.75,-0.75,0.2875122887723521,6.787512288772352,0,-0.0,0.0,-0.0,18.5
2024-11-12,RandomForest,5.75,5.5,-0.25,0.33458409489566876,6.084584094895669,0,-0.0,0.0,-0.0,18.5
2024-11-13,RandomForest,5.5,6.0,0.5,0.29731323077252964,5.79731323077253,0,0.0,0.0,0.0,18.5
2024-11-14,RandomForest,6.0,3.75,-2.25,0.2729116551620434,6.272911655162043,0,-0.0,0.0,-0.0,18.5
2024-11-15,RandomForest,3.75,3.5,-0.25,0.2402592359964242,3.990259235996424,0,-0.0,0.0,-0.0,18.5
2024-11-18,RandomForest,3.5,2.25,-1.25,0.2697990129650438,3.769799012965044,0,-0.0,0.0,-0.0,18.5
2024-11-19,RandomForest,2.25,0.75,-1.5,0.2971581399491708,2.547158139949171,0,-0.0,0.0,-0.0,18.5
2024-11-20,RandomForest,0.75,-1.5,-2.25,0.2427073267934076,0.9927073267934076,0,-0.0,0.0,-0.0,18.5
2024-11-21,RandomForest,-1.5,-1.5,0.0,0.25018153314261393,-1.249818466857386,0,0.0,0.0,0.0,18.5
2024-11-22,RandomForest,-1.5,-2.0,-0.5,0.25987495370091485,-1.2401250462990852,0,-0.0,0.0,-0.0,18.5
2024-11-25,RandomForest,-2.0,-3.5,-1.5,0.2593908925253114,-1.7406091074746886,0,-0.0,0.0,-0.0,18.5
2024-11-26,RandomForest,-3.5,-3.5,0.0,0.29919768420994447,-3.2008023157900554,0,0.0,0.0,0.0,18.5
2024-11-27,RandomForest,-3.5,-3.5,0.0,0.28734582735202724,-3.212654172647973,0,0.0,0.0,0.0,18.5
2024-11-28,RandomForest,-3.5,-3.75,-0.25,0.27940816298647825,-3.220591837013522,0,-0.0,0.0,-0.0,18.5
2024-11-29,RandomForest,-3.75,-7.5,-3.75,0.22750636299603233,-3.5224936370039677,0,-0.0,0.0,-0.0,18.5
2024-12-02,RandomForest,-7.5,-11.0,-3.5,0.20399235261853293,-7.296007647381467,0,-0.0,0.0,-0.0,18.5
2024-12-03,RandomForest,-11.0,-13.25,-2.25,0.22858273878045737,-10.771417261219543,0,-0.0,0.0,-0.0,18.5
2024-12-04,RandomForest,-13.25,-11.25,2.0,0.26466803254657423,-12.985331967453426,0,0.0,0.0,0.0,18.5
2024-12-05,RandomForest,-11.25,-3.25,8.0,0.4214372680032285,-10.828562731996772,0,0.0,0.0,0.0,18.5
2024-12-06,RandomForest,-3.25,-4.0,-0.75,0.3303875718697193,-2.919612428130281,0,-0.0,0.0,-0.0,18.5
2024-12-09,RandomForest,-4.0,-5.25,-1.25,0.29630102955089926,-3.703698970449101,0,-0.0,0.0,-0.0,18.5
2024-12-10,RandomForest,-5.25,-5.75,-0.5,0.3190917662791934,-4.930908233720807,0,-0.0,0.0,-0.0,18.5
2024-12-11,RandomForest,-5.75,-6.0,-0.25,0.34623348849100616,-5.4037665115089935,0,-0.0,0.0,-0.0,18.5
2024-12-12,RandomForest,-6.0,-6.5,-0.5,0.3456259750657992,-5.654374024934201,0,-0.0,0.0,-0.0,18.5
2024-12-13,RandomForest,-6.5,-6.25,0.25,0.5081442789525015,-5.991855721047498,1,0.25,0.0,0.25,18.75
2024-12-16,RandomForest,-6.25,-2.0,4.25,0.6080740275270693,-5.641925972472931,1,4.25,0.0,4.25,23.0
2024-12-17,RandomForest,-2.0,0.5,2.5,0.5329157396280942,-1.4670842603719056,1,2.5,0.0,2.5,25.5
2024-12-18,RandomForest,0.5,4.0,3.5,0.4996073145223232,0.9996073145223232,0,0.0,0.0,0.0,25.5
2024-12-19,RandomForest,4.0,4.0,0.0,0.4653994062570834,4.465399406257084,0,0.0,0.0,0.0,25.5
2024-12-20,RandomForest,4.0,4.5,0.5,0.3159425195882354,4.315942519588235,0,0.0,0.0,0.0,25.5
2024-12-23,RandomForest,4.5,5.5,1.0,0.4373561114714075,4.9373561114714075,0,0.0,0.0,0.0,25.5
2024-12-24,RandomForest,5.5,5.0,-0.5,0.41139592698293737,5.911395926982937,0,-0.0,0.0,-0.0,25.5
2024-12-27,RandomForest,5.0,6.0,1.0,0.33109195807902564,5.331091958079026,0,0.0,0.0,0.0,25.5
2024-12-30,RandomForest,6.0,5.0,-1.0,0.35565212559033416,6.355652125590334,0,-0.0,0.0,-0.0,25.5
2024-12-31,RandomForest,5.0,14.5,9.5,0.3471971824405048,5.347197182440505,0,0.0,0.0,0.0,25.5
2025-01-02,RandomForest,14.5,11.25,-3.25,0.08123029674874456,14.581230296748744,0,-0.0,0.0,-0.0,25.5
2025-01-03,RandomForest,11.25,8.25,-3.0,-0.12280858642643189,11.127191413573568,0,-0.0,0.0,-0.0,25.5
2025-01-06,RandomForest,8.25,3.25,-5.0,0.1984234928005912,8.448423492800591,0,-0.0,0.0,-0.0,25.5
2025-01-07,RandomForest,3.25,1.25,-2.0,0.13818332053175517,3.388183320531755,0,-0.0,0.0,-0.0,25.5
2025-01-08,RandomForest,1.25,-4.0,-5.25,0.16220076654353133,1.4122007665435312,0,-0.0,0.0,-0.0,25.5
2025-01-09,RandomForest,-4.0,-5.75,-1.75,0.13510490386160393,-3.864895096138396,0,-0.0,0.0,-0.0,25.5
2025-01-10,RandomForest,-5.75,-3.5,2.25,0.09451566828810302,-5.655484331711897,0,0.0,0.0,0.0,25.5
2025-01-13,RandomForest,-3.5,-1.25,2.25,0.10322376909215542,-3.3967762309078444,0,0.0,0.0,0.0,25.5
2025-01-14,RandomForest,-1.25,3.0,4.25,0.14260331166113555,-1.1073966883388644,0,0.0,0.0,0.0,25.5
2025-01-15,RandomForest,3.0,3.25,0.25,0.09961659860251917,3.0996165986025193,0,0.0,0.0,0.0,25.5
2025-01-16,RandomForest,3.25,2.0,-1.25,0.15847779137186083,3.408477791371861,0,-0.0,0.0,-0.0,25.5
2025-01-17,RandomForest,2.0,2.0,0.0,0.3626569797508345,2.3626569797508346,0,0.0,0.0,0.0,25.5
2025-01-20,RandomForest,2.0,2.0,0.0,0.27080708477282955,2.2708070847728297,0,0.0,0.0,0.0,25.5
2025-01-21,RandomForest,2.0,2.75,0.75,0.2843244258738634,2.2843244258738635,0,0.0,0.0,0.0,25.5
2025-01-22,RandomForest,2.75,2.5,-0.25,0.3026395477576107,3.052639547757611,0,-0.0,0.0,-0.0,25.5
2025-01-23,RandomForest,2.5,4.5,2.0,0.33654585222292516,2.836545852222925,0,0.0,0.0,0.0,25.5
2025-01-24,RandomForest,4.5,2.0,-2.5,0.1589525689824731,4.658952568982473,0,-0.0,0.0,-0.0,25.5
2025-01-27,RandomForest,2.0,1.75,-0.25,0.18930321856337098,2.189303218563371,0,-0.0,0.0,-0.0,25.5
2025-01-28,RandomForest,1.75,3.5,1.75,0.18166575294278461,1.9316657529427845,0,0.0,0.0,0.0,25.5
2025-01-29,RandomForest,3.5,3.5,0.0,0.24170875197762323,3.7417087519776233,0,0.0,0.0,0.0,25.5
2025-01-30,RandomForest,3.5,3.25,-0.25,0.22392049274257925,3.7239204927425793,0,-0.0,0.0,-0.0,25.5
2025-01-31,RandomForest,3.25,13.25,10.0,0.20481195440674527,3.454811954406745,0,0.0,0.0,0.0,25.5
2025-02-03,RandomForest,13.25,13.5,0.25,0.18782304678584916,13.43782304678585,0,0.0,0.0,0.0,25.5
2025-02-04,RandomForest,13.5,13.25,-0.25,-0.005653784135618764,13.49434621586438,0,-0.0,0.0,-0.0,25.5
2025-02-05,RandomForest,13.25,14.0,0.75,-0.020688298049553834,13.229311701950445,0,0.0,0.0,0.0,25.5
2025-02-06,RandomForest,14.0,17.25,3.25,-0.018873021223956586,13.981126978776043,0,0.0,0.0,0.0,25.5
2025-02-07,RandomForest,17.25,14.5,-2.75,-0.3941413751382877,16.855858624861714,0,-0.0,0.0,-0.0,25.5
2025-02-10,RandomForest,14.5,15.0,0.5,-0.3234920194289041,14.176507980571095,0,0.0,0.0,0.0,25.5
2025-02-11,RandomForest,15.0,12.25,-2.75,-0.0754188272575777,14.924581172742423,0,-0.0,0.0,-0.0,25.5
2025-02-12,RandomForest,12.25,11.5,-0.75,-0.032862933622943014,12.217137066377058,0,-0.0,0.0,-0.0,25.5
2025-02-13,RandomForest,11.5,12.25,0.75,0.10289548130187674,11.602895481301877,0,0.0,0.0,0.0,25.5
2025-02-14,RandomForest,12.25,10.5,-1.75,-0.10298195982691649,12.147018040173084,0,-0.0,0.0,-0.0,25.5
2025-02-17,RandomForest,10.5,12.5,2.0,-0.14554684936140486,10.354453150638594,0,0.0,0.0,0.0,25.5
2025-02-18,RandomForest,12.5,13.0,0.5,-0.05957275268098113,12.440427247319018,0,0.0,0.0,0.0,25.5
2025-02-19,RandomForest,13.0,9.25,-3.75,-0.057188451415965874,12.942811548584034,0,-0.0,0.0,-0.0,25.5
2025-02-20,RandomForest,9.25,9.0,-0.25,-0.16681382919927873,9.08318617080072,0,-0.0,0.0,-0.0,25.5
2025-02-21,RandomForest,9.0,13.0,4.0,0.395001340758344,9.395001340758345,0,0.0,0.0,0.0,25.5
2025-02-24,RandomForest,13.0,14.5,1.5,0.2577189637089129,13.257718963708912,0,0.0,0.0,0.0,25.5
2025-02-25,RandomForest,14.5,16.75,2.25,0.058829129662308015,14.558829129662309,0,0.0,0.0,0.0,25.5
2025-02-26,RandomForest,16.75,16.25,-0.5,-0.10479791800822859,16.645202081991773,0,-0.0,0.0,-0.0,25.5
2025-02-27,RandomForest,16.25,7.25,-9.0,-0.40081704336683055,15.84918295663317,0,-0.0,0.0,-0.0,25.5
2025-02-28,RandomForest,7.25,18.75,11.5,-0.031620162254994505,7.2183798377450055,0,0.0,0.0,0.0,25.5
2025-03-03,RandomForest,18.75,16.75,-2.0,-0.5887892567921763,18.161210743207825,-1,2.0,0.0,2.0,27.5
2025-03-04,RandomForest,16.75,12.75,-4.0,-0.3345831680813574,16.41541683191864,0,-0.0,0.0,-0.0,27.5
2025-03-05,RandomForest,12.75,11.0,-1.75,-0.187851258447927,12.562148741552074,0,-0.0,0.0,-0.0,27.5
2025-03-06,RandomForest,11.0,11.25,0.25,0.09372811474031019,11.09372811474031,0,0.0,0.0,0.0,27.5
2025-03-07,RandomForest,11.25,10.5,-0.75,0.1527542226116024,11.402754222611602,0,-0.0,0.0,-0.0,27.5
2025-03-10,RandomForest,10.5,11.25,0.75,0.19121898944453683,10.691218989444536,0,0.0,0.0,0.0,27.5
2025-03-11,RandomForest,11.25,9.75,-1.5,0.07447455944081574,11.324474559440816,0,-0.0,0.0,-0.0,27.5
2025-03-12,RandomForest,9.75,6.25,-3.5,0.11600781148979716,9.866007811489798,0,-0.0,0.0,-0.0,27.5
2025-03-13,RandomForest,6.25,7.0,0.75,0.23786863462357624,6.4878686346235765,0,0.0,0.0,0.0,27.5
2025-03-14,RandomForest,7.0,7.0,0.0,0.28275355084981874,7.282753550849819,0,0.0,0.0,0.0,27.5
2025-03-17,RandomForest,7.0,6.75,-0.25,0.2787090066916492,7.278709006691649,0,-0.0,0.0,-0.0,27.5
2025-03-18,RandomForest,6.75,6.5,-0.25,0.3229660267987128,7.072966026798713,0,-0.0,0.0,-0.0,27.5
2025-03-19,RandomForest,6.5,6.5,0.0,0.34056361283990244,6.840563612839903,0,0.0,0.0,0.0,27.5
2025-03-20,RandomForest,6.5,3.75,-2.75,0.31013622455996476,6.810136224559964,0,-0.0,0.0,-0.0,27.5
2025-03-21,RandomForest,3.75,2.5,-1.25,0.465105685045487,4.215105685045487,0,-0.0,0.0,-0.0,27.5
2025-03-24,RandomForest,2.5,-1.5,-4.0,0.4202232617980248,2.920223261798025,0,-0.0,0.0,-0.0,27.5
2025-03-25,RandomForest,-1.5,1.75,3.25,0.3917228381189203,-1.1082771618810798,0,0.0,0.0,0.0,27.5
2025-03-26,RandomForest,1.75,-0.75,-2.5,0.3512334332308972,2.101233433230897,0,-0.0,0.0,-0.0,27.5
2025-03-27,RandomForest,-0.75,1.5,2.25,0.37467975063730913,-0.37532024936269087,0,0.0,0.0,0.0,27.5
2025-03-28,RandomForest,1.5,0.25,-1.25,0.23610230182571465,1.7361023018257147,0,-0.0,0.0,-0.0,27.5
2025-03-31,RandomForest,0.25,1.5,1.25,0.24186327374609454,0.4918632737460945,0,0.0,0.0,0.0,27.5
2025-04-01,RandomForest,1.5,0.5,-1.0,0.24789682352291606,1.747896823522916,0,-0.0,0.0,-0.0,27.5
2025-04-02,RandomForest,0.5,-1.25,-1.75,0.26352523068121264,0.7635252306812126,0,-0.0,0.0,-0.0,27.5
2025-04-03,RandomForest,-1.25,-1.0,0.25,0.2718313531301922,-0.9781686468698079,0,0.0,0.0,0.0,27.5
2025-04-04,RandomForest,-1.0,-2.0,-1.0,0.1527963628076157,-0.8472036371923843,0,-0.0,0.0,-0.0,27.5
2025-04-07,RandomForest,-2.0,-1.75,0.25,0.1527963628076157,-1.8472036371923843,0,0.0,0.0,0.0,27.5
2025-04-08,RandomForest,-1.75,0.5,2.25,0.17364774466075814,-1.576352255339242,0,0.0,0.0,0.0,27.5
2025-04-09,RandomForest,0.5,0.0,-0.5,0.15606465789976143,0.6560646578997614,0,-0.0,0.0,-0.0,27.5
2025-04-10,RandomForest,0.0,1.0,1.0,0.23852724155190552,0.23852724155190552,0,0.0,0.0,0.0,27.5
2025-04-11,RandomForest,1.0,4.75,3.75,0.19868451316331479,1.1986845131633148,0,0.0,0.0,0.0,27.5
2025-04-14,RandomForest,4.75,4.75,0.0,0.17837901738209078,4.928379017382091,0,0.0,0.0,0.0,27.5
2025-04-15,RandomForest,4.75,5.0,0.25,0.19664251134403174,4.946642511344032,0,0.0,0.0,0.0,27.5
2025-04-16,RandomForest,5.0,7.75,2.75,0.19220370832927933,5.192203708329279,0,0.0,0.0,0.0,27.5
2025-04-17,RandomForest,7.75,6.5,-1.25,0.2257586813765021,7.975758681376502,0,-0.0,0.0,-0.0,27.5
2025-04-22,RandomForest,6.5,6.25,-0.25,0.3370772756198624,6.837077275619863,0,-0.0,0.0,-0.0,27.5
2025-04-23,RandomForest,6.25,6.0,-0.25,0.38256077867476035,6.63256077867476,0,-0.0,0.0,-0.0,27.5
2025-04-24,RandomForest,6.0,5.75,-0.25,0.31339670246015777,6.313396702460158,0,-0.0,0.0,-0.0,27.5
2025-04-25,RandomForest,5.75,5.5,-0.25,0.5267814709687193,6.27678147096872,1,-0.25,0.0,-0.25,27.25
2025-04-28,RandomForest,5.5,7.25,1.75,0.5208697280052557,6.020869728005255,1,1.75,0.0,1.75,29.0
2025-04-29,RandomForest,7.25,6.75,-0.5,0.5201483251449215,7.7701483251449215,1,-0.5,0.0,-0.5,28.5
2025-04-30,RandomForest,6.75,16.25,9.5,0.5895201967532919,7.339520196753292,1,9.5,0.0,9.5,38.0
2025-05-01,RandomForest,16.25,15.75,-0.5,-0.37588488690897237,15.874115113091028,0,-0.0,0.0,-0.0,38.0
2025-05-02,RandomForest,15.75,12.75,-3.0,-0.8245021717018028,14.925497828298198,-1,3.0,0.0,3.0,41.0
2025-05-06,RandomForest,12.75,14.5,1.75,-0.04326436847625603,12.706735631523744,0,0.0,0.0,0.0,41.0
2025-05-07,RandomForest,14.5,16.5,2.0,0.14340096835705643,14.643400968357057,0,0.0,0.0,0.0,41.0
2025-05-08,RandomForest,16.5,13.0,-3.5,-0.5324744427758284,15.967525557224171,-1,3.5,0.0,3.5,44.5
2025-05-09,RandomForest,13.0,12.0,-1.0,-0.2397575610725783,12.760242438927422,0,-0.0,0.0,-0.0,44.5
2025-05-12,RandomForest,12.0,12.0,0.0,0.0064631359726798,12.00646313597268,0,0.0,0.0,0.0,44.5
2025-05-13,RandomForest,12.0,13.25,1.25,0.10492829090605292,12.104928290906052,0,0.0,0.0,0.0,44.5
2025-05-14,RandomForest,13.25,11.75,-1.5,0.1005189892181589,13.350518989218159,0,-0.0,0.0,-0.0,44.5
2025-05-15,RandomForest,11.75,13.0,1.25,-0.01403989857918746,11.735960101420812,0,0.0,0.0,0.0,44.5
2025-05-16,RandomForest,13.0,11.25,-1.75,0.13941271659727422,13.139412716597274,0,-0.0,0.0,-0.0,44.5
2025-05-19,RandomForest,11.25,9.75,-1.5,0.037762403183919435,11.287762403183919,0,-0.0,0.0,-0.0,44.5
2025-05-20,RandomForest,9.75,8.5,-1.25,0.07343871091804195,9.823438710918042,0,-0.0,0.0,-0.0,44.5
2025-05-21,RandomForest,8.5,6.25,-2.25,0.3850104388694273,8.885010438869427,0,-0.0,0.0,-0.0,44.5
2025-05-22,RandomForest,6.25,5.25,-1.0,0.5113885113069604,6.7613885113069605,1,-1.0,0.0,-1.0,43.5
2025-05-23,RandomForest,5.25,4.5,-0.75,0.46354495330344664,5.713544953303447,0,-0.0,0.0,-0.0,43.5
2025-05-27,RandomForest,4.5,4.25,-0.25,0.3888225253796347,4.888822525379634,0,-0.0,0.0,-0.0,43.5
2025-05-28,RandomForest,4.25,4.0,-0.25,0.4285286995379326,4.6785286995379325,0,-0.0,0.0,-0.0,43.5
2025-05-29,RandomForest,4.0,3.75,-0.25,0.4155691909042057,4.415569190904206,0,-0.0,0.0,-0.0,43.5
2025-05-30,RandomForest,3.75,3.5,-0.25,0.4187470788018878,4.168747078801887,0,-0.0,0.0,-0.0,43.5
2025-06-02,RandomForest,3.5,2.0,-1.5,0.248510784823512,3.748510784823512,0,-0.0,0.0,-0.0,43.5
2025-06-03,RandomForest,2.0,1.0,-1.0,0.32805836453376586,2.328058364533766,0,-0.0,0.0,-0.0,43.5
2025-06-04,RandomForest,1.0,0.25,-0.75,0.4692363888379937,1.4692363888379938,0,-0.0,0.0,-0.0,43.5
2025-06-05,RandomForest,0.25,0.75,0.5,0.33256516653351265,0.5825651665335126,0,0.0,0.0,0.0,43.5
2025-06-06,RandomForest,0.75,0.5,-0.25,0.16437507300998164,0.9143750730099817,0,-0.0,0.0,-0.0,43.5
2025-06-09,RandomForest,0.5,3.25,2.75,0.2048212547534297,0.7048212547534297,0,0.0,0.0,0.0,43.5
2025-06-10,RandomForest,3.25,4.75,1.5,0.2396624548566645,3.4896624548566644,0,0.0,0.0,0.0,43.5
2025-06-11,RandomForest,4.75,5.25,0.5,0.37755155644608984,5.12755155644609,0,0.0,0.0,0.0,43.5
2025-06-12,RandomForest,5.25,5.0,-0.25,0.24692848979176538,5.496928489791765,0,-0.0,0.0,-0.0,43.5
2025-06-13,RandomForest,5.0,4.5,-0.5,0.2788670782853449,5.278867078285345,0,-0.0,0.0,-0.0,43.5
2025-06-16,RandomForest,4.5,3.5,-1.0,0.3654168829407059,4.865416882940706,0,-0.0,0.0,-0.0,43.5
2025-06-17,RandomForest,3.5,2.0,-1.5,0.31683952715035524,3.8168395271503552,0,-0.0,0.0,-0.0,43.5
2025-06-18,RandomForest,2.0,-0.25,-2.25,0.3206033108696129,2.320603310869613,0,-0.0,0.0,-0.0,43.5
2025-06-19,RandomForest,-0.25,-1.0,-0.75,0.3115453262123074,0.061545326212307405,0,-0.0,0.0,-0.0,43.5
2025-06-20,RandomForest,-1.0,-1.5,-0.5,0.33455118549407764,-0.6654488145059223,0,-0.0,0.0,-0.0,43.5
2025-06-23,RandomForest,-1.5,-2.75,-1.25,0.190385673606263,-1.309614326393737,0,-0.0,0.0,-0.0,43.5
2025-06-24,RandomForest,-2.75,-2.75,0.0,0.20623123457646797,-2.543768765423532,0,0.0,0.0,0.0,43.5
2025-06-25,RandomForest,-2.75,-2.75,0.0,0.24971142385249376,-2.5002885761475064,0,0.0,0.0,0.0,43.5
2025-06-26,RandomForest,-2.75,-2.75,0.0,0.1552636342836207,-2.594736365716379,0,0.0,0.0,0.0,43.5
2025-06-27,RandomForest,-2.75,-2.75,0.0,0.13137839494626496,-2.618621605053735,0,0.0,0.0,0.0,43.5
2025-06-30,RandomForest,-2.75,-3.75,-1.0,0.15783402763338944,-2.5921659723666104,0,-0.0,0.0,-0.0,43.5
2025-07-01,RandomForest,-3.75,-3.75,0.0,0.15236053984441703,-3.597639460155583,0,0.0,0.0,0.0,43.5
2025-07-02,RandomForest,-3.75,-4.5,-0.75,0.14388948872123827,-3.6061105112787617,0,-0.0,0.0,-0.0,43.5
2025-07-03,RandomForest,-4.5,-4.5,0.0,0.13137839494626496,-4.368621605053735,0,0.0,0.0,0.0,43.5
2025-07-04,RandomForest,-4.5,-2.75,1.75,0.20077454655644672,-4.299225453443554,0,0.0,0.0,0.0,43.5
2025-07-07,RandomForest,-2.75,-2.0,0.75,0.1790594801693307,-2.5709405198306694,0,0.0,0.0,0.0,43.5
2025-07-08,RandomForest,-2.0,-2.75,-0.75,0.32667124195932307,-1.673328758040677,0,-0.0,0.0,-0.0,43.5
2025-07-09,RandomForest,-2.75,-3.0,-0.25,0.2691435533116031,-2.4808564466883967,0,-0.0,0.0,-0.0,43.5
2025-07-10,RandomForest,-3.0,-3.25,-0.25,0.2997506892475791,-2.700249310752421,0,-0.0,0.0,-0.0,43.5
2025-07-11,RandomForest,-3.25,-3.0,0.25,0.2058081393985449,-3.044191860601455,0,0.0,0.0,0.0,43.5
2025-07-14,RandomForest,-3.0,-3.25,-0.25,0.20164424104778095,-2.798355758952219,0,-0.0,0.0,-0.0,43.5
2025-07-15,RandomForest,-3.25,-3.0,0.25,0.28828038955676594,-2.961719610443234,0,0.0,0.0,0.0,43.5
2025-07-16,RandomForest,-3.0,-2.75,0.25,0.2173675364661173,-2.782632463533883,0,0.0,0.0,0.0,43.5
2025-07-17,RandomForest,-2.75,-3.0,-0.25,0.3620007251824908,-2.387999274817509,0,-0.0,0.0,-0.0,43.5
2025-07-18,RandomForest,-3.0,-3.25,-0.25,0.31037658714967703,-2.689623412850323,0,-0.0,0.0,-0.0,43.5
2025-07-21,RandomForest,-3.25,-3.25,0.0,0.3282726818587825,-2.9217273181412176,0,0.0,0.0,0.0,43.5
2025-07-22,RandomForest,-3.25,-3.0,0.25,0.23564493969724684,-3.014355060302753,0,0.0,0.0,0.0,43.5
2024-09-09,XGBoost,1.5,-2.75,-4.25,1.697773814201355,3.197773814201355,1,-4.25,0.0,-4.25,-4.25
2024-09-10,XGBoost,-2.75,-1.5,1.25,0.9688773155212402,-1.7811226844787598,1,1.25,0.0,1.25,-3.0
2024-09-11,XGBoost,-1.5,3.0,4.5,0.5429251790046692,-0.9570748209953308,1,4.5,0.0,4.5,1.5
2024-09-12,XGBoost,3.0,3.75,0.75,0.47988611459732056,3.4798861145973206,0,0.0,0.0,0.0,1.5
2024-09-13,XGBoost,3.75,3.75,0.0,1.9090242385864258,5.659024238586426,1,0.0,0.0,0.0,1.5
2024-09-16,XGBoost,3.75,4.75,1.0,1.7787734270095825,5.5287734270095825,1,1.0,0.0,1.0,2.5
2024-09-17,XGBoost,4.75,5.0,0.25,2.0601682662963867,6.810168266296387,1,0.25,0.0,0.25,2.75
2024-09-18,XGBoost,5.0,5.0,0.0,0.7872024178504944,5.787202417850494,1,0.0,0.0,0.0,2.75
2024-09-19,XGBoost,5.0,7.0,2.0,0.4554053544998169,5.455405354499817,0,0.0,0.0,0.0,2.75
2024-09-20,XGBoost,7.0,3.5,-3.5,0.2857854664325714,7.285785466432571,0,-0.0,0.0,-0.0,2.75
2024-09-23,XGBoost,3.5,3.25,-0.25,0.6714257597923279,4.171425759792328,1,-0.25,0.0,-0.25,2.5
2024-09-24,XGBoost,3.25,3.0,-0.25,0.6618602871894836,3.9118602871894836,1,-0.25,0.0,-0.25,2.25
2024-09-25,XGBoost,3.0,3.0,0.0,0.7026177048683167,3.7026177048683167,1,0.0,0.0,0.0,2.25
2024-09-26,XGBoost,3.0,2.75,-0.25,0.5085968971252441,3.508596897125244,1,-0.25,0.0,-0.25,2.0
2024-09-27,XGBoost,2.75,1.25,-1.5,0.3840811252593994,3.1340811252593994,0,-0.0,0.0,-0.0,2.0
2024-09-30,XGBoost,1.25,-2.75,-4.0,0.6738138794898987,1.9238138794898987,1,-4.0,0.0,-4.0,-2.0
2024-10-01,XGBoost,-2.75,0.5,3.25,0.7720059752464294,-1.9779940247535706,1,3.25,0.0,3.25,1.25
2024-10-02,XGBoost,0.5,0.0,-0.5,0.9847500920295715,1.4847500920295715,1,-0.5,0.0,-0.5,0.75
2024-10-03,XGBoost,0.0,5.0,5.0,1.0078266859054565,1.0078266859054565,1,5.0,0.0,5.0,5.75
2024-10-04,XGBoost,5.0,3.5,-1.5,0.9622870087623596,5.96228700876236,1,-1.5,0.0,-1.5,4.25
2024-10-07,XGBoost,3.5,1.25,-2.25,0.8059386610984802,4.30593866109848,1,-2.25,0.0,-2.25,2.0
2024-10-08,XGBoost,1.25,1.5,0.25,0.34960243105888367,1.5996024310588837,0,0.0,0.0,0.0,2.0
2024-10-09,XGBoost,1.5,0.5,-1.0,0.7016626596450806,2.2016626596450806,1,-1.0,0.0,-1.0,1.0
2024-10-10,XGBoost,0.5,1.0,0.5,0.5796884894371033,1.0796884894371033,1,0.5,0.0,0.5,1.5
2024-10-11,XGBoost,1.0,0.5,-0.5,0.7930076718330383,1.7930076718330383,1,-0.5,0.0,-0.5,1.0
2024-10-14,XGBoost,0.5,1.5,1.0,1.014955997467041,1.514955997467041,1,1.0,0.0,1.0,2.0
2024-10-15,XGBoost,1.5,-1.25,-2.75,0.8715932369232178,2.3715932369232178,1,-2.75,0.0,-2.75,-0.75
2024-10-16,XGBoost,-1.25,-2.5,-1.25,0.7228876948356628,-0.5271123051643372,1,-1.25,0.0,-1.25,-2.0
2024-10-17,XGBoost,-2.5,-1.25,1.25,0.7344477772712708,-1.7655522227287292,1,1.25,0.0,1.25,-0.75
2024-10-18,XGBoost,-1.25,-0.75,0.5,0.6393672227859497,-0.6106327772140503,1,0.5,0.0,0.5,-0.25
2024-10-21,XGBoost,-0.75,-1.0,-0.25,1.0249093770980835,0.2749093770980835,1,-0.25,0.0,-0.25,-0.5
2024-10-22,XGBoost,-1.0,1.0,2.0,1.1722599267959595,0.17225992679595947,1,2.0,0.0,2.0,1.5
2024-10-23,XGBoost,1.0,3.0,2.0,1.0209965705871582,2.020996570587158,1,2.0,0.0,2.0,3.5
2024-10-24,XGBoost,3.0,4.5,1.5,1.1085046529769897,4.10850465297699,1,1.5,0.0,1.5,5.0
2024-10-25,XGBoost,4.5,6.5,2.0,1.3854689598083496,5.88546895980835,1,2.0,0.0,2.0,7.0
2024-10-28,XGBoost,6.5,7.75,1.25,1.4122557640075684,7.912255764007568,1,1.25,0.0,1.25,8.25
2024-10-29,XGBoost,7.75,7.75,0.0,1.6816892623901367,9.431689262390137,1,0.0,0.0,0.0,8.25
2024-10-30,XGBoost,7.75,7.5,-0.25,1.5820204019546509,9.33202040195465,1,-0.25,0.0,-0.25,8.0
2024-10-31,XGBoost,7.5,17.0,9.5,1.3797105550765991,8.8797105550766,1,9.5,0.0,9.5,17.5
2024-11-01,XGBoost,17.0,14.25,-2.75,0.6725910305976868,17.672591030597687,1,-2.75,0.0,-2.75,14.75
2024-11-04,XGBoost,14.25,11.0,-3.25,0.002865229733288288,14.252865229733288,0,-0.0,0.0,-0.0,14.75
2024-11-05,XGBoost,11.0,8.75,-2.25,0.32885923981666565,11.328859239816666,0,-0.0,0.0,-0.0,14.75
2024-11-06,XGBoost,8.75,7.0,-1.75,0.47394177317619324,9.223941773176193,0,-0.0,0.0,-0.0,14.75
2024-11-07,XGBoost,7.0,7.0,0.0,1.022189974784851,8.022189974784851,1,0.0,0.0,0.0,14.75
2024-11-08,XGBoost,7.0,6.5,-0.5,0.6517513990402222,7.651751399040222,1,-0.5,0.0,-0.5,14.25
2024-11-11,XGBoost,6.5,5.75,-0.75,0.739366352558136,7.239366352558136,1,-0.75,0.0,-0.75,13.5
2024-11-12,XGBoost,5.75,5.5,-0.25,0.8272995948791504,6.57729959487915,1,-0.25,0.0,-0.25,13.25
2024-11-13,XGBoost,5.5,6.0,0.5,0.85679692029953,6.35679692029953,1,0.5,0.0,0.5,13.75
2024-11-14,XGBoost,6.0,3.75,-2.25,0.85679692029953,6.85679692029953,1,-2.25,0.0,-2.25,11.5
2024-11-15,XGBoost,3.75,3.5,-0.25,0.85679692029953,4.60679692029953,1,-0.25,0.0,-0.25,11.25
2024-11-18,XGBoost,3.5,2.25,-1.25,0.8873949646949768,4.387394964694977,1,-1.25,0.0,-1.25,10.0
2024-11-19,XGBoost,2.25,0.75,-1.5,0.9072064757347107,3.1572064757347107,1,-1.5,0.0,-1.5,8.5
2024-11-20,XGBoost,0.75,-1.5,-2.25,0.8383923172950745,1.5883923172950745,1,-2.25,0.0,-2.25,6.25
2024-11-21,XGBoost,-1.5,-1.5,0.0,0.8383923172950745,-0.6616076827049255,1,0.0,0.0,0.0,6.25
2024-11-22,XGBoost,-1.5,-2.0,-0.5,0.8689903616905212,-0.6310096383094788,1,-0.5,0.0,-0.5,5.75
2024-11-25,XGBoost,-2.0,-3.5,-1.5,0.8689903616905212,-1.1310096383094788,1,-1.5,0.0,-1.5,4.25
2024-11-26,XGBoost,-3.5,-3.5,0.0,0.8693936467170715,-2.6306063532829285,1,0.0,0.0,0.0,4.25
2024-11-27,XGBoost,-3.5,-3.5,0.0,0.8693936467170715,-2.6306063532829285,1,0.0,0.0,0.0,4.25
2024-11-28,XGBoost,-3.5,-3.75,-0.25,0.8693936467170715,-2.6306063532829285,1,-0.25,0.0,-0.25,4.0
2024-11-29,XGBoost,-3.75,-7.5,-3.75,0.452560156583786,-3.297439843416214,0,-0.0,0.0,-0.0,4.0
2024-12-02,XGBoost,-7.5,-11.0,-3.5,0.25696244835853577,-7.243037551641464,0,-0.0,0.0,-0.0,4.0
2024-12-03,XGBoost,-11.0,-13.25,-2.25,0.11552579700946808,-10.884474202990532,0,-0.0,0.0,-0.0,4.0
2024-12-04,XGBoost,-13.25,-11.25,2.0,0.1906922459602356,-13.059307754039764,0,0.0,0.0,0.0,4.0
2024-12-05,XGBoost,-11.25,-3.25,8.0,0.5269351601600647,-10.723064839839935,1,8.0,0.0,8.0,12.0
2024-12-06,XGBoost,-3.25,-4.0,-0.75,0.4005047678947449,-2.849495232105255,0,-0.0,0.0,-0.0,12.0
2024-12-09,XGBoost,-4.0,-5.25,-1.25,0.5045045018196106,-3.4954954981803894,1,-1.25,0.0,-1.25,10.75
2024-12-10,XGBoost,-5.25,-5.75,-0.5,0.3186163902282715,-4.9313836097717285,0,-0.0,0.0,-0.0,10.75
2024-12-11,XGBoost,-5.75,-6.0,-0.25,0.29179346561431885,-5.458206534385681,0,-0.0,0.0,-0.0,10.75
2024-12-12,XGBoost,-6.0,-6.5,-0.5,0.16932587325572968,-5.83067412674427,0,-0.0,0.0,-0.0,10.75
2024-12-13,XGBoost,-6.5,-6.25,0.25,0.4224453568458557,-6.077554643154144,0,0.0,0.0,0.0,10.75
2024-12-16,XGBoost,-6.25,-2.0,4.25,0.8444967269897461,-5.405503273010254,1,4.25,0.0,4.25,15.0
2024-12-17,XGBoost,-2.0,0.5,2.5,0.7631005048751831,-1.236899495124817,1,2.5,0.0,2.5,17.5
2024-12-18,XGBoost,0.5,4.0,3.5,0.5739558935165405,1.0739558935165405,1,3.5,0.0,3.5,21.0
2024-12-19,XGBoost,4.0,4.0,0.0,0.5629242062568665,4.5629242062568665,1,0.0,0.0,0.0,21.0
2024-12-20,XGBoost,4.0,4.5,0.5,0.6885266900062561,4.688526690006256,1,0.5,0.0,0.5,21.5
2024-12-23,XGBoost,4.5,5.5,1.0,0.8298575282096863,5.329857528209686,1,1.0,0.0,1.0,22.5
2024-12-24,XGBoost,5.5,5.0,-0.5,0.6841379404067993,6.184137940406799,1,-0.5,0.0,-0.5,22.0
2024-12-27,XGBoost,5.0,6.0,1.0,0.6170675754547119,5.617067575454712,1,1.0,0.0,1.0,23.0
2024-12-30,XGBoost,6.0,5.0,-1.0,0.5477327108383179,6.547732710838318,1,-1.0,0.0,-1.0,22.0
2024-12-31,XGBoost,5.0,14.5,9.5,0.5477327108383179,5.547732710838318,1,9.5,0.0,9.5,31.5
2025-01-02,XGBoost,14.5,11.25,-3.25,-0.022311927750706673,14.477688072249293,0,-0.0,0.0,-0.0,31.5
2025-01-03,XGBoost,11.25,8.25,-3.0,-0.27042996883392334,10.979570031166077,0,-0.0,0.0,-0.0,31.5
2025-01-06,XGBoost,8.25,3.25,-5.0,0.37123534083366394,8.621235340833664,0,-0.0,0.0,-0.0,31.5
2025-01-07,XGBoost,3.25,1.25,-2.0,0.2762255072593689,3.526225507259369,0,-0.0,0.0,-0.0,31.5
2025-01-08,XGBoost,1.25,-4.0,-5.25,0.2698509395122528,1.5198509395122528,0,-0.0,0.0,-0.0,31.5
2025-01-09,XGBoost,-4.0,-5.75,-1.75,0.1324615627527237,-3.8675384372472763,0,-0.0,0.0,-0.0,31.5
2025-01-10,XGBoost,-5.75,-3.5,2.25,0.14047224819660187,-5.609527751803398,0,0.0,0.0,0.0,31.5
2025-01-13,XGBoost,-3.5,-1.25,2.25,0.1294241100549698,-3.37057588994503,0,0.0,0.0,0.0,31.5
2025-01-14,XGBoost,-1.25,3.0,4.25,-0.041685327887535095,-1.291685327887535,0,0.0,0.0,0.0,31.5
2025-01-15,XGBoost,3.0,3.25,0.25,-0.10690473020076752,2.8930952697992325,0,0.0,0.0,0.0,31.5
2025-01-16,XGBoost,3.25,2.0,-1.25,0.042945295572280884,3.292945295572281,0,-0.0,0.0,-0.0,31.5
2025-01-17,XGBoost,2.0,2.0,0.0,0.18156693875789642,2.1815669387578964,0,0.0,0.0,0.0,31.5
2025-01-20,XGBoost,2.0,2.0,0.0,0.07375253736972809,2.073752537369728,0,0.0,0.0,0.0,31.5
2025-01-21,XGBoost,2.0,2.75,0.75,-0.07408072054386139,1.9259192794561386,0,0.0,0.0,0.0,31.5
2025-01-22,XGBoost,2.75,2.5,-0.25,0.06571930646896362,2.8157193064689636,0,-0.0,0.0,-0.0,31.5
2025-01-23,XGBoost,2.5,4.5,2.0,0.1671876460313797,2.6671876460313797,0,0.0,0.0,0.0,31.5
2025-01-24,XGBoost,4.5,2.0,-2.5,0.05021126568317413,4.550211265683174,0,-0.0,0.0,-0.0,31.5
2025-01-27,XGBoost,2.0,1.75,-0.25,0.41257694363594055,2.4125769436359406,0,-0.0,0.0,-0.0,31.5
2025-01-28,XGBoost,1.75,3.5,1.75,0.37587371468544006,2.12587371468544,0,0.0,0.0,0.0,31.5
2025-01-29,XGBoost,3.5,3.5,0.0,0.07998566329479218,3.579985663294792,0,0.0,0.0,0.0,31.5
2025-01-30,XGBoost,3.5,3.25,-0.25,0.2721388638019562,3.772138863801956,0,-0.0,0.0,-0.0,31.5
2025-01-31,XGBoost,3.25,13.25,10.0,0.22925810515880585,3.479258105158806,0,0.0,0.0,0.0,31.5
2025-02-03,XGBoost,13.25,13.5,0.25,-0.09980013966560364,13.150199860334396,0,0.0,0.0,0.0,31.5
2025-02-04,XGBoost,13.5,13.25,-0.25,-0.29481565952301025,13.20518434047699,0,-0.0,0.0,-0.0,31.5
2025-02-05,XGBoost,13.25,14.0,0.75,-0.3324485421180725,12.917551457881927,0,0.0,0.0,0.0,31.5
2025-02-06,XGBoost,14.0,17.25,3.25,-0.3028773069381714,13.697122693061829,0,0.0,0.0,0.0,31.5
2025-02-07,XGBoost,17.25,14.5,-2.75,-0.18937474489212036,17.06062525510788,0,-0.0,0.0,-0.0,31.5
2025-02-10,XGBoost,14.5,15.0,0.5,-0.06406198441982269,14.435938015580177,0,0.0,0.0,0.0,31.5
2025-02-11,XGBoost,15.0,12.25,-2.75,-0.005859119817614555,14.994140880182385,0,-0.0,0.0,-0.0,31.5
2025-02-12,XGBoost,12.25,11.5,-0.75,0.036167729645967484,12.286167729645967,0,-0.0,0.0,-0.0,31.5
2025-02-13,XGBoost,11.5,12.25,0.75,-0.015551476739346981,11.484448523260653,0,0.0,0.0,0.0,31.5
2025-02-14,XGBoost,12.25,10.5,-1.75,-0.35291171073913574,11.897088289260864,0,-0.0,0.0,-0.0,31.5
2025-02-17,XGBoost,10.5,12.5,2.0,-0.49639394879341125,10.003606051206589,0,0.0,0.0,0.0,31.5
2025-02-18,XGBoost,12.5,13.0,0.5,-0.2910821735858917,12.208917826414108,0,0.0,0.0,0.0,31.5
2025-02-19,XGBoost,13.0,9.25,-3.75,-0.2524883449077606,12.74751165509224,0,-0.0,0.0,-0.0,31.5
2025-02-20,XGBoost,9.25,9.0,-0.25,-0.329791396856308,8.920208603143692,0,-0.0,0.0,-0.0,31.5
2025-02-21,XGBoost,9.0,13.0,4.0,0.47059863805770874,9.470598638057709,0,0.0,0.0,0.0,31.5
2025-02-24,XGBoost,13.0,14.5,1.5,0.36658692359924316,13.366586923599243,0,0.0,0.0,0.0,31.5
2025-02-25,XGBoost,14.5,16.75,2.25,0.17008014023303986,14.67008014023304,0,0.0,0.0,0.0,31.5
2025-02-26,XGBoost,16.75,16.25,-0.5,0.10793440043926239,16.857934400439262,0,-0.0,0.0,-0.0,31.5
2025-02-27,XGBoost,16.25,7.25,-9.0,-0.009663325734436512,16.240336674265563,0,-0.0,0.0,-0.0,31.5
2025-02-28,XGBoost,7.25,18.75,11.5,0.4875871241092682,7.737587124109268,0,0.0,0.0,0.0,31.5
2025-03-03,XGBoost,18.75,16.75,-2.0,-0.7071752548217773,18.042824745178223,-1,2.0,0.0,2.0,33.5
2025-03-04,XGBoost,16.75,12.75,-4.0,-0.2399197220802307,16.51008027791977,0,-0.0,0.0,-0.0,33.5
2025-03-05,XGBoost,12.75,11.0,-1.75,-0.08538535237312317,12.664614647626877,0,-0.0,0.0,-0.0,33.5
2025-03-06,XGBoost,11.0,11.25,0.25,0.015559635125100613,11.0155596351251,0,0.0,0.0,0.0,33.5
2025-03-07,XGBoost,11.25,10.5,-0.75,-0.09019728004932404,11.159802719950676,0,-0.0,0.0,-0.0,33.5
2025-03-10,XGBoost,10.5,11.25,0.75,0.368369460105896,10.868369460105896,0,0.0,0.0,0.0,33.5
2025-03-11,XGBoost,11.25,9.75,-1.5,-0.23608148097991943,11.01391851902008,0,-0.0,0.0,-0.0,33.5
2025-03-12,XGBoost,9.75,6.25,-3.5,-0.1946883350610733,9.555311664938927,0,-0.0,0.0,-0.0,33.5
2025-03-13,XGBoost,6.25,7.0,0.75,0.11811474710702896,6.368114747107029,0,0.0,0.0,0.0,33.5
2025-03-14,XGBoost,7.0,7.0,0.0,0.22458405792713165,7.224584057927132,0,0.0,0.0,0.0,33.5
2025-03-17,XGBoost,7.0,6.75,-0.25,0.22458405792713165,7.224584057927132,0,-0.0,0.0,-0.0,33.5
2025-03-18,XGBoost,6.75,6.5,-0.25,0.27344903349876404,7.023449033498764,0,-0.0,0.0,-0.0,33.5
2025-03-19,XGBoost,6.5,6.5,0.0,0.35037878155708313,6.850378781557083,0,0.0,0.0,0.0,33.5
2025-03-20,XGBoost,6.5,3.75,-2.75,0.29806119203567505,6.798061192035675,0,-0.0,0.0,-0.0,33.5
2025-03-21,XGBoost,3.75,2.5,-1.25,0.6124813556671143,4.362481355667114,1,-1.25,0.0,-1.25,32.25
2025-03-24,XGBoost,2.5,-1.5,-4.0,0.5412752032279968,3.041275203227997,1,-4.0,0.0,-4.0,28.25
2025-03-25,XGBoost,-1.5,1.75,3.25,0.5021347999572754,-0.9978652000427246,1,3.25,0.0,3.25,31.5
2025-03-26,XGBoost,1.75,-0.75,-2.5,0.40890172123908997,2.15890172123909,0,-0.0,0.0,-0.0,31.5
2025-03-27,XGBoost,-0.75,1.5,2.25,0.47242066264152527,-0.27757933735847473,0,0.0,0.0,0.0,31.5
2025-03-28,XGBoost,1.5,0.25,-1.25,0.29943591356277466,1.7994359135627747,0,-0.0,0.0,-0.0,31.5
2025-03-31,XGBoost,0.25,1.5,1.25,0.40989962220191956,0.6598996222019196,0,0.0,0.0,0.0,31.5
2025-04-01,XGBoost,1.5,0.5,-1.0,0.3505139946937561,1.850513994693756,0,-0.0,0.0,-0.0,31.5
2025-04-02,XGBoost,0.5,-1.25,-1.75,0.3505139946937561,0.8505139946937561,0,-0.0,0.0,-0.0,31.5
2025-04-03,XGBoost,-1.25,-1.0,0.25,0.3505139946937561,-0.8994860053062439,0,0.0,0.0,0.0,31.5
2025-04-04,XGBoost,-1.0,-2.0,-1.0,0.28528255224227905,-0.714717447757721,0,-0.0,0.0,-0.0,31.5
2025-04-07,XGBoost,-2.0,-1.75,0.25,0.15315762162208557,-1.8468423783779144,0,0.0,0.0,0.0,31.5
2025-04-08,XGBoost,-1.75,0.5,2.25,-0.09016399085521698,-1.840163990855217,0,0.0,0.0,0.0,31.5
2025-04-09,XGBoost,0.5,0.0,-0.5,0.1878596842288971,0.6878596842288971,0,-0.0,0.0,-0.0,31.5
2025-04-10,XGBoost,0.0,1.0,1.0,0.040082789957523346,0.040082789957523346,0,0.0,0.0,0.0,31.5
2025-04-11,XGBoost,1.0,4.75,3.75,0.22461704909801483,1.2246170490980148,0,0.0,0.0,0.0,31.5
2025-04-14,XGBoost,4.75,4.75,0.0,0.20459897816181183,4.954598978161812,0,0.0,0.0,0.0,31.5
2025-04-15,XGBoost,4.75,5.0,0.25,0.2571030855178833,5.007103085517883,0,0.0,0.0,0.0,31.5
2025-04-16,XGBoost,5.0,7.75,2.75,0.2571030855178833,5.257103085517883,0,0.0,0.0,0.0,31.5
2025-04-17,XGBoost,7.75,6.5,-1.25,0.7906880378723145,8.540688037872314,1,-1.25,0.0,-1.25,30.25
2025-04-22,XGBoost,6.5,6.25,-0.25,0.4695536196231842,6.969553619623184,0,-0.0,0.0,-0.0,30.25
2025-04-23,XGBoost,6.25,6.0,-0.25,0.8037803173065186,7.0537803173065186,1,-0.25,0.0,-0.25,30.0
2025-04-24,XGBoost,6.0,5.75,-0.25,0.6452915072441101,6.64529150724411,1,-0.25,0.0,-0.25,29.75
2025-04-25,XGBoost,5.75,5.5,-0.25,0.9447991251945496,6.69479912519455,1,-0.25,0.0,-0.25,29.5
2025-04-28,XGBoost,5.5,7.25,1.75,0.6900501251220703,6.19005012512207,1,1.75,0.0,1.75,31.25
2025-04-29,XGBoost,7.25,6.75,-0.5,0.7194346785545349,7.969434678554535,1,-0.5,0.0,-0.5,30.75
2025-04-30,XGBoost,6.75,16.25,9.5,0.7757416367530823,7.525741636753082,1,9.5,0.0,9.5,40.25
2025-05-01,XGBoost,16.25,15.75,-0.5,-0.46054336428642273,15.789456635713577,0,-0.0,0.0,-0.0,40.25
2025-05-02,XGBoost,15.75,12.75,-3.0,-0.5532901287078857,15.196709871292114,-1,3.0,0.0,3.0,43.25
2025-05-06,XGBoost,12.75,14.5,1.75,0.35824647545814514,13.108246475458145,0,0.0,0.0,0.0,43.25
2025-05-07,XGBoost,14.5,16.5,2.0,0.168266162276268,14.668266162276268,0,0.0,0.0,0.0,43.25
2025-05-08,XGBoost,16.5,13.0,-3.5,-0.4818326234817505,16.01816737651825,0,-0.0,0.0,-0.0,43.25
2025-05-09,XGBoost,13.0,12.0,-1.0,-0.17277558147907257,12.827224418520927,0,-0.0,0.0,-0.0,43.25
2025-05-12,XGBoost,12.0,12.0,0.0,-0.052132248878479004,11.947867751121521,0,0.0,0.0,0.0,43.25
2025-05-13,XGBoost,12.0,13.25,1.25,0.008123278617858887,12.008123278617859,0,0.0,0.0,0.0,43.25
2025-05-14,XGBoost,13.25,11.75,-1.5,-0.10763881355524063,13.14236118644476,0,-0.0,0.0,-0.0,43.25
2025-05-15,XGBoost,11.75,13.0,1.25,-0.1444060355424881,11.605593964457512,0,0.0,0.0,0.0,43.25
2025-05-16,XGBoost,13.0,11.25,-1.75,0.06998497992753983,13.06998497992754,0,-0.0,0.0,-0.0,43.25
2025-05-19,XGBoost,11.25,9.75,-1.5,0.11177045851945877,11.361770458519459,0,-0.0,0.0,-0.0,43.25
2025-05-20,XGBoost,9.75,8.5,-1.25,0.16967298090457916,9.91967298090458,0,-0.0,0.0,-0.0,43.25
2025-05-21,XGBoost,8.5,6.25,-2.25,0.35856664180755615,8.858566641807556,0,-0.0,0.0,-0.0,43.25
2025-05-22,XGBoost,6.25,5.25,-1.0,0.9388362765312195,7.1888362765312195,1,-1.0,0.0,-1.0,42.25
2025-05-23,XGBoost,5.25,4.5,-0.75,0.60013347864151,5.85013347864151,1,-0.75,0.0,-0.75,41.5
2025-05-27,XGBoost,4.5,4.25,-0.25,0.5498020648956299,5.04980206489563,1,-0.25,0.0,-0.25,41.25
2025-05-28,XGBoost,4.25,4.0,-0.25,0.8303802013397217,5.080380201339722,1,-0.25,0.0,-0.25,41.0
2025-05-29,XGBoost,4.0,3.75,-0.25,0.8303802013397217,4.830380201339722,1,-0.25,0.0,-0.25,40.75
2025-05-30,XGBoost,3.75,3.5,-0.25,0.5205402970314026,4.270540297031403,1,-0.25,0.0,-0.25,40.5
2025-06-02,XGBoost,3.5,2.0,-1.5,0.2863035202026367,3.7863035202026367,0,-0.0,0.0,-0.0,40.5
2025-06-03,XGBoost,2.0,1.0,-1.0,0.5170091390609741,2.517009139060974,1,-1.0,0.0,-1.0,39.5
2025-06-04,XGBoost,1.0,0.25,-0.75,0.6417922377586365,1.6417922377586365,1,-0.75,0.0,-0.75,38.75
2025-06-05,XGBoost,0.25,0.75,0.5,0.42953169345855713,0.6795316934585571,0,0.0,0.0,0.0,38.75
2025-06-06,XGBoost,0.75,0.5,-0.25,0.2510225474834442,1.0010225474834442,0,-0.0,0.0,-0.0,38.75
2025-06-09,XGBoost,0.5,3.25,2.75,0.306671679019928,0.806671679019928,0,0.0,0.0,0.0,38.75
2025-06-10,XGBoost,3.25,4.75,1.5,0.3330366313457489,3.583036631345749,0,0.0,0.0,0.0,38.75
2025-06-11,XGBoost,4.75,5.25,0.5,0.5692247748374939,5.319224774837494,1,0.5,0.0,0.5,39.25
2025-06-12,XGBoost,5.25,5.0,-0.25,0.42233532667160034,5.6723353266716,0,-0.0,0.0,-0.0,39.25
2025-06-13,XGBoost,5.0,4.5,-0.5,0.3550480306148529,5.355048030614853,0,-0.0,0.0,-0.0,39.25
2025-06-16,XGBoost,4.5,3.5,-1.0,0.5673086047172546,5.067308604717255,1,-1.0,0.0,-1.0,38.25
2025-06-17,XGBoost,3.5,2.0,-1.5,0.3979073464870453,3.8979073464870453,0,-0.0,0.0,-0.0,38.25
2025-06-18,XGBoost,2.0,-0.25,-2.25,0.3746945858001709,2.374694585800171,0,-0.0,0.0,-0.0,38.25
2025-06-19,XGBoost,-0.25,-1.0,-0.75,0.25846177339553833,0.00846177339553833,0,-0.0,0.0,-0.0,38.25
2025-06-20,XGBoost,-1.0,-1.5,-0.5,0.39873453974723816,-0.6012654602527618,0,-0.0,0.0,-0.0,38.25
2025-06-23,XGBoost,-1.5,-2.75,-1.25,0.32887014746665955,-1.1711298525333405,0,-0.0,0.0,-0.0,38.25
2025-06-24,XGBoost,-2.75,-2.75,0.0,0.31926074624061584,-2.430739253759384,0,0.0,0.0,0.0,38.25
2025-06-25,XGBoost,-2.75,-2.75,0.0,0.44335588812828064,-2.3066441118717194,0,0.0,0.0,0.0,38.25
2025-06-26,XGBoost,-2.75,-2.75,0.0,0.1578829288482666,-2.5921170711517334,0,0.0,0.0,0.0,38.25
2025-06-27,XGBoost,-2.75,-2.75,0.0,0.10047208517789841,-2.6495279148221016,0,0.0,0.0,0.0,38.25
2025-06-30,XGBoost,-2.75,-3.75,-1.0,0.15789207816123962,-2.5921079218387604,0,-0.0,0.0,-0.0,38.25
2025-07-01,XGBoost,-3.75,-3.75,0.0,0.15789207816123962,-3.5921079218387604,0,0.0,0.0,0.0,38.25
2025-07-02,XGBoost,-3.75,-4.5,-0.75,0.15789207816123962,-3.5921079218387604,0,-0.0,0.0,-0.0,38.25
2025-07-03,XGBoost,-4.5,-4.5,0.0,0.10047208517789841,-4.399527914822102,0,0.0,0.0,0.0,38.25
2025-07-04,XGBoost,-4.5,-2.75,1.75,0.18439781665802002,-4.31560218334198,0,0.0,0.0,0.0,38.25
2025-07-07,XGBoost,-2.75,-2.0,0.75,0.12722182273864746,-2.6227781772613525,0,0.0,0.0,0.0,38.25
2025-07-08,XGBoost,-2.0,-2.75,-0.75,0.41993147134780884,-1.5800685286521912,0,-0.0,0.0,-0.0,38.25
2025-07-09,XGBoost,-2.75,-3.0,-0.25,0.3985058665275574,-2.3514941334724426,0,-0.0,0.0,-0.0,38.25
2025-07-10,XGBoost,-3.0,-3.25,-0.25,0.34088194370269775,-2.6591180562973022,0,-0.0,0.0,-0.0,38.25
2025-07-11,XGBoost,-3.25,-3.0,0.25,0.478525847196579,-2.771474152803421,0,0.0,0.0,0.0,38.25
2025-07-14,XGBoost,-3.0,-3.25,-0.25,0.34674474596977234,-2.6532552540302277,0,-0.0,0.0,-0.0,38.25
2025-07-15,XGBoost,-3.25,-3.0,0.25,0.5234472155570984,-2.7265527844429016,1,0.25,0.0,0.25,38.5
2025-07-16,XGBoost,-3.0,-2.75,0.25,0.35886406898498535,-2.6411359310150146,0,0.0,0.0,0.0,38.5
2025-07-17,XGBoost,-2.75,-3.0,-0.25,0.6731767058372498,-2.0768232941627502,1,-0.25,0.0,-0.25,38.25
2025-07-18,XGBoost,-3.0,-3.25,-0.25,0.320606529712677,-2.679393470287323,0,-0.0,0.0,-0.0,38.25
2025-07-21,XGBoost,-3.25,-3.25,0.0,0.320606529712677,-2.929393470287323,0,0.0,0.0,0.0,38.25
2025-07-22,XGBoost,-3.25,-3.0,0.25,0.19779005646705627,-3.0522099435329437,0,0.0,0.0,0.0,38.25
